ID,0
480,15.791541003814697
742,30.82290143051758
743,31.787705964904784
744,30.27473221525879
745,28.36139701525879
793,18.05398898474121
794,18.642406206103516
800,25.721656390844725
801,26.73582636795654
802,25.546687350408938
948,19.104285790844727
949,20.57554901449585
954,25.60982067019043
955,23.649457996185305
956,22.53475580076294
1512,12.596920199237061
1513,13.190683404577637
1552,26.600912001525877
1553,24.377588021362303
1554,22.957543374822997
1558,21.43026141449585
1559,20.593093774822997
1560,17.531191995422365
1561,18.535809180163575
1637,21.67929560457764
1638,22.512272009155275
1639,24.766639625177
1717,13.339689509155273
1718,13.495157812969973
1719,13.8370179961853
1720,13.674474196185304
1721,14.291103003814698
1901,24.60732001373291
1985,33.72213576337891
1986,29.51927178626709
1987,30.760654388555906
1988,22.47362538474121
1989,24.85832263433228
1990,27.595476793896484
1991,25.97045539694824
2037,21.591039369482424
2038,23.156115811444092
2039,20.032179174060058
2040,18.934449993133548
2041,26.11104081449585
2042,24.84002404196167
2043,27.910406222888184
2073,29.803051571008297
2074,26.876700229754636
2075,27.847571638909915
2076,20.976817983978272
2077,22.42665721296997
2078,25.182440645776364
2079,23.36208261449585
2115,28.567426607629397
2116,30.62587863967285
2117,27.159570810681153
2118,25.131580022125245
2119,34.630553386267096
2120,33.399027577111816
2121,33.9607434289917
2147,31.161662896240237
2148,28.8429101710083
2149,30.50511297863769
2180,32.01271441831055
2181,26.70992346790161
2182,29.045542005340575
2183,33.00273034049072
2184,31.19793599694824
2206,15.378819693133547
2207,16.08809418550415
2274,13.623009014114379
2275,26.16070358931885
2316,12.10104887847412
2317,12.850356001525878
2318,13.466411597711181
2319,13.87629441449585
2320,16.378546390081787
2322,15.49889681449585
2323,14.815493100000001
2357,29.277348802288817
2358,30.88734755880127
2360,33.11695338321533
2361,27.326869398474123
2362,25.394206613732912
2363,24.172260003814696
2364,22.35668318703003
2489,15.992698163378908
2491,15.762713966430663
2492,15.48906367329712
2493,14.743647974822997
2494,15.082408376348877
2521,22.397512006866457
2522,21.02262638931885
2523,19.73241578474121
2524,24.454405402288817
2525,25.598983818310547
2527,27.458352796185306
2568,24.69761538779297
2570,23.134179581689455
2571,21.992110996185303
2572,17.970307207629396
2573,16.641443215258786
2574,19.3933123710083
2575,20.448125393896483
2605,29.249379954223635
2606,28.764739774060057
2607,24.915351607629393
2608,27.110592190844727
2636,21.932603787792967
2637,20.239075159564212
2638,23.315501996948242
2639,24.60829162441406
2642,29.999766064849847
2643,27.09252743814697
2644,27.79028019237061
2672,29.043407017547604
2673,28.13908661296997
2674,30.46089817711181
2676,26.19601641983643
2677,24.306725212969972
2678,21.76387360152588
2679,23.456752435095215
2712,11.597601990463255
2717,31.749059563378903
2718,29.896322003814696
2719,30.89248559084472
2749,20.02335040228882
2751,29.07415193438721
2752,27.50065380457763
2771,12.780658206103514
2772,12.710706508392333
2773,13.142029906866455
2774,13.675281712969968
2776,15.610220008392336
2777,14.316409805340575
2778,14.632413811444092
2842,29.287236622888184
2843,29.857254725231932
2844,25.644554380163573
2845,28.22751436795654
2881,30.685548222888183
2882,29.017554825177008
2883,27.728462825177
2884,22.87810501373291
2885,20.969245779400634
2886,24.391175622125242
2887,26.160748609155274
2918,31.299950822888185
2919,32.19918035574951
2920,30.526905413732912
2921,26.265657815258788
2922,28.095102220599365
2952,32.89946035574952
2953,31.57920423356934
2954,27.00424298168945
2955,25.47004901983642
2956,29.075548230517576
2957,30.795305438146972
3026,33.40091132065429
3027,33.29968441678467
3028,29.57071722975464
3029,31.853635428991698
3030,27.23351084272461
3031,25.42033060305176
3184,33.1384772
3185,32.1647813710083
3186,29.831151599237064
3187,24.021687606866454
3188,25.938295438146973
3189,29.515890812207033
3190,27.756052438146973
3395,32.04255177558594
3396,28.630649412969973
3397,29.96703180991821
3398,24.766729181689453
3399,26.59108202746582
3400,23.28781361525879
3401,21.314841007629393
3436,20.33976878703003
3437,19.564077554223633
3438,23.74712422746582
3439,22.662956395422363
3440,25.836142647302246
3497,23.46877301525879
3498,21.10311458474121
3499,21.89688519923706
3500,18.680326004577637
3501,19.760264967956537
3502,16.385125604577638
3503,17.403026392370606
3588,16.23344759923706
3589,15.585692197711182
3590,17.319952400762936
3623,28.364797549645992
3624,24.676845632806398
3625,25.79619061068115
3626,22.92966081602173
3627,21.11518198931885
3652,14.614093210681153
3653,13.60652861296997
3654,13.937171210299685
3659,12.621407003051758
3660,13.02274441144409
3661,12.371719606866455
3687,17.013684210681156
3688,16.33421219847412
3689,19.315910609918213
3690,18.06111321373291
3695,21.6971747710083
3696,20.725614590844728
3697,23.384867380163573
3721,29.999899210681157
3722,34.34962156795654
3723,34.489542180163575
3724,29.78363375727539
3725,32.07260457558594
3726,26.647935631280518
3727,28.530210230517575
3755,21.981268179400637
3756,20.372378578637697
3757,24.74057663890991
3758,23.109452019836425
3759,28.5721448038147
3760,27.386293618310543
3761,30.59654174049072
3790,33.80767885493164
3791,33.33005475574951
3792,34.44416577100831
3793,28.183151996185302
3794,30.43635078092651
3795,25.0531566328064
3796,27.164832439672853
3821,29.569289756512454
3822,28.281170991607667
3823,31.46318433133545
3825,23.7306100289917
3826,22.35274897253418
3827,26.284508848065183
3828,24.80858803890991
3852,13.945005222888181
3853,12.98507551296997
3854,13.482554216784667
3910,19.20643999084473
3911,18.67487160152588
3912,20.71252641296997
3914,17.507874987792967
3915,17.81954858703003
3916,15.959820398092651
3917,16.552158790844725
3918,14.920045017547608
3919,14.47616289847412
3921,15.337555037384032
3922,15.179539730517579
3923,15.341633230517578
3971,21.53615519084473
3972,20.685258006103517
3973,23.523318547357174
3975,18.019012212207034
3976,19.32696801296997
3977,17.181404454168703
3978,16.45045660152588
4001,19.073494018310548
4002,20.795946982452392
4003,23.80975977177124
4004,22.47321618931885
4006,28.73062904272461
4007,25.533195192370606
4008,26.844743183215332
4026,35.2443580076294
4027,34.4055631786377
4028,31.237124803814698
4029,30.34054037329712
4030,32.26281179084473
4031,28.88237403356934
4057,30.382234952697758
4059,27.505254241198724
4060,28.80189355803833
4061,22.604550782452392
4062,20.91206336490479
4063,25.088318831280517
4064,23.68489461602173
4095,33.6978082289917
4096,35.55876593591309
4097,31.629795565667724
4098,33.781849592370605
4099,27.99847621220703
4100,29.402989594659424
4156,27.841205164904785
4157,25.945065617547606
4158,20.790367016784668
4159,19.644078177874754
4160,23.255484802288816
4161,21.895762406103515
4184,20.59287455727539
4185,21.487794774060056
4186,18.1666506213623
4187,19.195635391607667
4188,23.985122622888184
4189,22.948588010681153
4190,25.72666264730224
4268,30.247223786267085
4269,27.555586012969975
4270,28.585018400762937
4271,22.759698401525878
4272,21.066115582452394
4273,25.318286464849855
4274,23.844904790844726
4291,15.837993211444092
4292,16.531908995422363
4298,27.00542961220703
4332,27.720921190844727
4333,31.90843881220703
4334,31.416659340490718
4335,25.123602647302246
4336,27.457083106811524
4337,28.120878979400636
4338,29.817837801525876
4379,22.55661916109009
4380,20.99644118550415
4381,19.81073478321533
4382,18.077519003814697
4383,24.532526195422367
4384,25.88889241678467
4385,27.90406187629395
4415,20.473451412969972
4416,19.177138797711184
4417,18.42846018550415
4418,15.784358806866456
4419,16.410906524414063
4420,17.180363493133544
4421,17.853586790844727
4450,22.45059135574951
4451,21.340160974823
4452,20.141142993133546
4453,18.48264502441406
4454,24.39267598626709
4455,25.4118462289917
4456,27.152176482397458
4481,16.335613996185305
4482,15.53725839923706
4483,15.326588603814699
4488,14.426617318310548
4489,14.519664206866455
4490,14.9410938
4534,16.731547777874756
4535,16.017396093896487
4536,15.92380778474121
4537,15.816342186267088
4540,16.794535477111815
4541,16.822090177874756
4542,17.11549619542236
4580,29.77618462365112
4581,28.24936063051758
4582,26.687804006103512
4586,20.243425803814695
4587,21.936454802288818
4588,23.592249776348876
4589,24.724356561090083
4603,23.456733782452396
4604,22.258815965667726
4605,20.994086380163576
4606,19.051112604577632
4609,26.002082050354005
4610,27.25292826561279
4611,28.975976770245364
4614,14.709326791607666
4651,28.508740388555907
4653,27.117981467901608
4654,26.138413619836427
4655,20.427275003814696
4656,21.91001457253418
4657,22.757017587792966
4658,23.593682203051763
4678,31.809143778637697
4679,32.746350972534174
4680,32.090237450354
4681,29.76227921373291
4682,28.151662096130373
4683,26.646152679345704
4684,24.35677199465942
4700,22.162019567193603
4701,25.577403625177
4703,24.57439323051758
4704,23.579695398474122
4722,29.367720461798093
4723,30.61869317177124
4725,32.002965986267085
4726,27.319322045776367
4727,24.946609981689452
4728,22.137061767193604
4729,23.70317917940063
4749,25.111241845013428
4751,23.91822182441406
4752,23.054169813732912
4753,19.183519798474123
4754,18.047682820599366
4755,20.38217927787476
4756,21.499766537438965
4784,13.668336506866456
4785,13.247556213351439
4786,12.95146241411438
4787,13.056685918692017
4788,13.897934706866456
4789,14.150152401525878
4791,15.329426993896485
4824,30.426421592370605
4826,28.46778939847412
4827,27.193520997711182
4828,22.274652613732908
4829,20.422086777874757
4830,23.30300318016357
4831,25.01621162822876
4866,33.772155406103515
4867,30.692582601525885
4868,33.47980678626709
4869,31.81953516490479
4870,27.926572809155278
4871,29.671676963378907
4905,21.230983377874754
4906,21.902770790081785
4907,23.04191441220703
4909,18.145114209155274
4910,19.25491819923706
4922,21.988286377111816
4923,20.85262478703003
4924,18.46112960305176
4925,20.04072978092651
4927,26.696960225939943
4928,25.223956780163576
4929,24.095737594659422
4963,26.50994243967285
4964,23.99513480228882
4965,24.779859787792965
4970,20.33195058703003
4971,18.826199005340577
4972,21.165912788555907
4973,22.30111816948242
4979,16.48492521220703
4980,16.035053202288818
4981,17.18530982212524
4992,28.311902609155272
5004,17.93031480534058
5005,19.426346377874758
5006,21.263667561090088
5007,20.139387991607666
5009,25.252345261035153
5010,23.048793797711177
5011,23.951994813732906
5021,19.299988809155273
5022,18.72987982212524
5023,20.11493101373291
5025,16.9179575961853
5026,18.152307625177002
5027,16.312621190844727
5028,16.096981185885618
5067,29.903193949646
5068,27.060657414495846
5069,28.44017415574951
5082,26.555994232043457
5083,25.633097615258794
5084,27.56478817329712
5086,19.221327990081786
5087,20.86049838092651
5088,23.310105598474124
5089,22.314513181689456
5090,26.786506832806396
5091,28.645044788555914
5092,25.47471964119873
5093,23.42157258855591
5094,29.478929612207033
5095,30.359162190844728
5096,30.486369425939937
5110,27.667836965667725
5111,26.32414256795654
5112,28.888876554223636
5114,21.801610590844724
5115,24.316542415258787
5116,23.082497209155274
5134,31.422128422888182
5135,29.70938417329712
5136,30.566213161090086
5137,25.89423861373291
5138,27.719074259509274
5139,24.82659060228882
5140,23.39518897558594
5151,19.06681980076294
5152,20.709701981689456
5153,22.852778964904786
5154,21.700766190844725
5155,24.7848542
5156,24.000560796185304
5157,26.261632238146966
5169,18.994354634332275
5170,18.183815222125247
5185,23.92675018168945
5186,23.191931405340576
5187,25.381623844250488
5193,20.47983877558594
5194,21.525007167956545
5201,18.970377438146976
5202,18.24949123814697
5208,24.179147615258792
5209,28.491983603051757
5222,28.118866607629393
5223,27.01736198474121
5224,28.842936213732912
5226,20.94290258016357
5227,22.302134024414062
5228,24.96922862593994
5229,23.205380624414065
5230,17.946028016021728
5231,18.723494609918212
5232,17.532822634332273
5233,16.61646989923706
5235,20.937679790844726
5236,19.538418005340574
5237,20.068766793896483
5268,28.02664599694824
5269,26.72469721220703
5270,28.244043631280515
5272,21.97835898474121
5273,23.132739206103516
5274,25.605063238146972
5275,23.973944850354002
5302,28.685691984741215
5303,26.67393657558594
5304,26.51431719389649
5305,27.621775624414056
5306,25.17071455956421
5307,24.044218018310545
5308,21.930050796185302
5310,22.771351993896484
5315,27.250726577111816
5316,26.104291858746336
5317,27.68746581144409
5318,29.788231601525883
5319,28.501658793896485
5332,31.365157192370607
5333,28.270088012207033
5334,30.07695201068115
5335,31.245205172534178
5336,28.49686496643066
5337,27.046532444250495
5352,26.02950401220703
5353,25.008350225939942
5355,26.850146186267086
5356,21.10874377711182
5357,23.08369998474121
5358,22.02586118397827
5359,24.14628440457764
5360,17.57504501220703
5361,18.219119022125245
5362,21.003645004577635
5364,19.54660921068115
5365,20.16776360152588
5384,20.04166582822876
5385,19.23523443814697
5387,21.285367019836425
5388,30.63601338474121
5389,28.591822993896482
5399,27.898310586267087
5400,30.195777361853025
5401,30.889005798474123
5402,25.369902409155277
5403,23.117988403814696
5404,28.505833412207032
5405,26.836996964141843
5418,27.706064208392338
5419,27.242814016021732
5420,28.758871809155277
5422,24.2991554
5423,25.504153462561035
5424,21.86408056490479
5425,23.09417658397827
5426,22.136524593896485
5427,21.0989317786377
5429,24.505004203051758
5430,22.819245188555907
5431,23.27945200991821
5436,27.174398587792968
5437,28.739469983215333
5438,20.855297997711183
5439,21.637089792370606
5445,23.530242377874753
5446,22.884348564141845
5447,24.600483004577637
5449,30.894502190844726
5450,29.56331299389649
5473,19.919867010681152
5474,18.567601036621095
5475,19.248222616784666
5476,24.524835421362308
5477,27.44300560915527
5501,26.599282241961667
5502,25.406272025939938
5503,24.210378406103512
5504,20.099975402288816
5505,21.362878799999997
5506,22.782647776348877
5507,22.07176097558594
5508,24.927223566430662
5509,25.930130793896485
5510,23.858951623651123
5511,22.741026192370608
5512,27.38893439084473
5513,27.524260786267092
5514,27.50260176643066
5529,31.437977430517584
5530,30.388271200000002
5531,29.668057565667727
5532,23.947842394659425
5533,25.397456587792966
5534,28.268696464849853
5535,26.88593543814697
5545,26.825013960327148
5546,27.350996204577633
5547,28.019645419836422
5549,24.30273422593994
5550,25.45125642822876
5551,23.13267161373291
5552,21.997015779400634
5564,27.091114409155274
5565,26.12306217329712
5566,25.23830897787476
5567,20.456422706103513
5568,21.609502394659422
5569,23.990087209155273
5570,22.25402219237061
5571,16.055949808392334
5572,16.970175032806395
5573,17.189934832043456
5574,17.924628821362308
5587,28.0629478
5588,30.992893050354002
5589,29.809577216784668
5590,21.51153461525879
5591,22.353931596948243
5593,21.443649806103515
5594,21.13171460457764
5599,17.656749397711177
5600,18.62423463585815
5601,19.097509209155277
5602,19.597762803051758
5614,18.092474819073487
5615,19.444533617547606
5616,18.689455006866456
5617,20.48001280152588
5618,21.384015429754637
5620,20.830085500762937
5628,23.274210204577635
5629,23.607338038909912
5630,22.950301619836427
5632,21.215195208392338
5633,21.95629899694824
5634,19.744354215258788
5635,20.442275400762934
5636,21.016971005340576
5637,21.808674010681152
5638,23.08864337329712
5639,22.72902639847412
5641,26.06478579465942
5642,24.030531778637695
5643,24.718681993896485
5652,21.180504576348877
5653,20.925687564904784
5654,21.563649548120118
5657,21.731148212207028
5658,22.594895003051757
5663,19.349977606866453
5664,20.07588582059936
5665,21.208663812207035
5666,18.85822541373291
5667,20.795136205340576
5668,22.620953997711183
5669,21.448418022125246
5673,24.129863612207032
5674,23.571177819836425
5676,24.425966033569335
5677,22.062639820599365
5694,19.264646803814696
5695,20.196965419073486
5696,17.278788422888187
5697,18.16375141525879
5698,19.02424961373291
5699,16.008447532806393
5700,16.677074646539307
5713,20.44117098779297
5714,20.503980174823
5716,16.589215816021728
5717,17.534797013732906
5718,19.962441564141844
5719,18.936154790844725
5720,18.082064196948245
5721,21.56500020762939
5722,22.215087590844725
5723,23.591786793896482
5724,20.59123820915527
5725,21.18082341220703
5727,24.9188173710083
5728,23.81756821144409
5736,21.441566200000004
5737,22.020325391607667
5739,17.220061003051757
5740,17.929353001525875
5741,20.8501914
5742,20.130020408392333
5743,18.556012399237062
5748,19.172774805340577
5749,21.12455040457764
5750,20.315444209155274
5751,18.232510032043457
5753,23.041321791607665
5754,21.92317920152588
5763,21.664048606103517
5764,20.8572974
5765,22.253983203814695
5767,18.376506206103517
5768,17.693117808392334
5769,18.96089680076294
5770,19.966986210681153
5775,19.670306803814697
5776,18.305728004577638
5777,20.41027440152588
5778,16.726878805340576
5779,17.6054892
5781,21.628351394659425
5782,20.777965806866455
5791,22.154616190844727
5792,22.944460968719483
5794,21.492983
5795,18.99106079771118
5796,20.251224009155276
5799,22.958025594659425
5800,22.356209599237065
5801,20.819375004577633
5802,21.555856202288815
5804,25.402263009155273
5805,24.356564993896487
5806,23.99997218474121
5815,20.970666622125243
5816,21.762142610681153
5818,22.687766812969972
5819,19.668205407629394
5820,20.201199222125247
5822,21.86556621296997
5823,20.9454628038147
5824,22.833451208392333
5825,20.542714223651124
5827,23.44448421983643
5828,24.23463802441406
5837,24.11491461525879
5839,24.980825833569334
5840,20.269860209918214
5841,21.115447811444092
5842,23.419908611444093
5843,21.634287405340576
5844,22.32019461220703
5845,23.40880595651245
5846,22.75650638397827
5847,21.205800012969974
5848,22.041287806103515
5849,25.45379020152588
5851,24.634141407629393
5852,24.26500558321533
5863,22.985629206866456
5864,23.60841041525879
5866,24.354965243487552
5867,21.208728203814697
5868,22.01212901296997
5869,21.664139994659426
5870,20.773720395422366
5871,22.60450258779297
5872,19.9707813961853
5873,19.2597558
5874,23.712069403051757
5876,23.17129700457764
5883,24.64910819847412
5884,24.369492993896483
5886,25.607569798474124
5887,21.372480215258793
5888,22.230711207629394
5889,22.876309551934813
5890,23.43187397177124
5891,21.5996759786377
5892,20.929867805340574
5893,22.669815213732914
5894,19.77372080457764
5895,20.481927809155273
5896,23.97152897253418
5898,22.78144059542236
5905,24.866405992370602
5906,25.704902216784667
5908,22.457666809155274
5909,21.59343101220703
5910,24.494961393896485
5911,23.09944675651245
5912,23.60245137177124
5913,21.267067594659423
5914,20.89488600152588
5915,22.393103565667722
5916,18.64147279847412
5917,19.885371407629396
5919,23.993889793896482
5920,22.908317387030028
5926,26.14597500457764
5927,26.038592181689456
5928,22.601315592370607
5929,23.582776012207034
5930,24.886882807629398
5931,25.195736992370605
5932,25.496895212207033
5942,28.345732010681154
5943,30.671143222888183
5944,30.02273475117188
5945,28.65876299008179
5946,27.526933228228764
5947,26.585439807629392
5948,24.683066562615966
5957,26.017245190844726
5958,28.039446010681154
5959,28.959239601525876
5960,30.082625051879887
5961,27.12875602670288
5962,19.456771420599367
5963,18.23495721754761
5970,20.362608200762942
5971,19.882196009918214
5975,26.37885560305176
5976,22.26647461220703
5977,21.28415244348755
5978,23.646059209155275
5979,24.515485009155277
5980,24.681182650354003
5981,25.00861862746582
6001,24.504434568719482
6002,23.583611409918213
6003,23.317345744305417
6004,22.16607800610351
6005,21.084841198474123
6006,21.605679801525884
6007,19.755093392370604
6008,22.094877807629395
6009,24.28636501068115
6010,23.6198348038147
6011,25.096990406103515
6012,25.319565222888183
6013,25.28843441220703
6014,25.763206792370603
6017,24.259767009155276
6018,22.748684380163574
6019,23.545958000000002
6024,22.087664958038328
6025,21.040105193896487
6026,19.379637810681153
6027,20.556248604577636
6028,20.581118019073486
6029,21.13068441296997
6030,22.12006761449585
6036,22.90001221220703
6037,23.759464044250485
6040,23.90004222365112
6041,23.20936483356933
6046,22.634512403051758
6047,27.636053996948238
6048,29.86590459084473
6049,27.525714782452393
6050,29.261342593896483
6051,22.665129219073485
6052,21.764333579400635
6053,23.72596718474121
6054,25.062820207629393
6056,25.847422784741205
6057,25.842402583215335
6058,25.883296372534183
6061,23.280640812207032
6062,22.629267024414066
6067,22.102937591607663
6068,20.33690361449585
6069,21.085549216784667
6070,21.99039798626709
6071,21.49337859542236
6072,22.64042798245239
6073,19.790174407629397
6074,20.74461040457764
6078,23.08106060305176
6079,24.209943590844727
6082,26.82269161373291
6083,26.241567983215333
6084,24.200173793133548
6085,22.888680406866456
6086,26.30467277253418
6087,24.865055212207032
6088,25.70824580152588
6089,25.159824172534183
6090,25.012328395422365
6091,23.257913178637693
6092,24.311201602288822
6093,24.510466996948242
6094,25.57091778474121
6095,25.117663977111818
6096,20.553675619073484
6097,23.795405990844724
6098,23.83032858779297
6099,24.324505181689453
6100,24.11166738168945
6101,23.586723209155274
6102,24.696429604577638
6103,20.809355181689455
6104,25.204443960327147
6105,25.434153563378906
6107,24.802759593896486
6108,25.02243359847412
6109,24.16630900152588
6110,23.593716170245358
6111,22.25216240839233
6112,25.358617987792968
6113,25.83541981220703
6114,26.015619380163578
6115,22.78911360305176
6116,26.24474318321533
6117,25.99431719237061
6118,25.35687037253418
6119,25.650543389318848
6120,25.323576806103514
6121,24.734099995422362
6122,22.205879412207032
6123,24.69036277711182
6124,24.775297178637697
6125,20.941737413732913
6126,22.6938087923706
6127,23.91181121373291
6128,24.290661981689453
6129,24.50480818474121
6130,25.032009410681148
6131,25.31403899694824
6132,24.84836339542236
6133,24.366235811444092
6134,23.61784138321533
6135,23.34714676337891
6136,25.283160352697752
6137,25.318193777111816
6138,21.381342603051756
6139,23.545250801525878
6140,24.568151403051758
6141,24.81236858474121
6142,25.45485377253418
6143,25.195136583215334
6144,24.092907190844727
6145,24.661756974060058
6146,23.9346263786377
6147,23.79852481373291
6148,22.747273587792968
6149,20.458879392370605
6150,24.49564698321533
6151,25.021542986267086
6152,25.470541609155273
6153,25.537180777111818
6154,22.25963320305176
6155,25.74866798016357
6156,20.647823996185302
6157,23.55353938321533
6158,23.412651195422363
6159,24.268698004577637
6160,24.93420778626709
6161,25.1029467710083
6162,25.11181757558594
6163,25.432859193896483
6164,22.358229390844727
6165,22.91664320610352
6167,22.837643590844728
6168,23.069047
6169,23.0430667710083
6170,22.548730593896487
6171,22.19817540228882
6172,20.96694320152588
6173,22.18387880457764
6174,24.301008577874754
6175,24.89371078779297
6176,25.818289993896485
6177,25.541018393896486
6178,25.950092366430663
6180,26.33894516948242
6181,21.706684393896484
6182,24.752923584741207
6183,25.33585279694824
6184,25.296472395422363
6185,25.891166206103513
6186,22.36039001373291
6187,25.39390077558594
6188,25.164666375585938
6189,21.788160806103516
6190,25.396537178637697
6191,25.046063380163574
6192,24.406686606103513
6193,24.808155375585937
6194,23.350070392370604
6195,23.048524381689454
6196,19.941347410681153
6197,23.256616977111815
6198,25.795751196948242
6199,25.97196598474121
6200,25.258931787792967
6201,26.44065820305176
6202,25.98170118321533
6203,24.06881398626709
6204,21.15621418397827
6205,24.19876456185303
6206,26.173457377111816
6207,25.034096993896487
6208,25.64364377558594
6209,25.673474796948245
6210,24.72678158168945
6211,23.562973203051758
6212,24.526523798474123
6213,24.799098371008302
6214,25.077744799999998
6215,24.78460198474121
6216,21.659717803051755
6217,23.579348566430664
6218,20.613004970245363
6219,25.2251839961853
6220,25.617276187792964
6221,24.320327187792966
6222,25.904599393896483
6223,24.75019698321533
6224,26.045475378637697
6225,25.789843581689457
6226,25.213048406103518
6227,22.3301557923706
6228,25.072633790844726
6229,20.416904819836425
6230,23.706809181689454
6231,25.11736178626709
6232,24.088931383215332
6233,20.66251238550415
6234,20.185324575585938
6235,23.541962367956547
7041,16.336950993896487
7042,15.276302193133546
7043,14.715720993133544
7044,14.488778806866458
7045,14.066172006866456
7046,13.619421193896482
7047,13.204168796948242
7656,15.639810997711185
7657,16.597506889318847
7658,17.878977958038327
8092,26.68580738168945
8093,27.411388996948244
8094,26.677670184741213
8095,24.6149002038147
8096,21.30277121449585
8097,23.453740841961668
8098,22.783227623651122
8248,28.281484784741213
8249,27.444607183215332
8250,27.337621166430665
8406,29.12561578779297
8407,31.947658786267095
8408,31.007567771008304
8409,28.748155600000008
8410,25.827368862561038
8411,26.82481902670288
8412,24.363878606866454
8637,20.65664738397827
8638,19.62603278550415
8639,18.308563971771243
8640,21.838770989318846
8641,24.45296241602173
8642,26.698829868664554
8643,25.678237806103517
8698,25.877278387792966
8699,27.35074058168945
8700,24.519957050354
8701,22.9996128038147
8702,18.316444790844727
8703,19.908515793896488
8704,21.331116800000004
8885,14.115534180926513
8902,27.996328592370606
8903,30.125979177111816
8904,28.885169383215334
9051,22.293124957275392
9052,23.490659972534182
9053,20.367972810681156
9054,24.11593476337891
9055,22.958068951171875
9056,23.5772067710083
9057,24.097698960327147
9058,22.155878577111814
9363,37.128128
9364,37.814302999999995
9365,33.01243100000001
9366,31.0496692
9367,35.579932
9368,36.9554134
9386,14.379908818310549
9387,14.01025501373291
9388,14.99175021373291
9389,15.341244999237059
9391,16.326818603051755
9412,18.911073
9414,17.735717004577637
9415,17.022679805340577
9416,15.741214009536742
9417,16.301048200762942
9418,14.283075019073488
9419,14.98768881373291
9434,20.8624288
9439,28.948867201525882
9440,27.090748196948244
9441,26.772891398474123
9442,29.237697003051757
9459,31.776203399999996
9460,32.3397748
9461,32.8043954
9462,28.3513064
9463,31.0206344
9464,26.7992706
9479,15.79145600076294
9480,17.01517879847412
9481,16.317155200762937
9482,18.3945976
9524,36.0565384
9525,34.8684478
9526,35.785785000000004
9527,33.3546966
9528,30.700505600000003
9529,29.062145199999996
9545,18.25960440152588
9551,33.3754236
9552,32.665294
9569,15.389763192370605
9570,16.56321459694824
9576,21.546091205340577
9577,19.407293003814697
9578,17.99238780076294
9630,15.26810541678467
9643,27.0723404
9644,23.782421203051758
9645,24.827875
9650,21.84458839923706
9651,20.422003197711177
9668,25.95775239694824
9669,28.0313426
9670,24.33896520457764
9673,31.5898908
9674,30.1042148
9675,34.3694232
9694,17.032248600762937
9699,33.0844628
9700,32.24913479999999
9701,33.3251482
9721,22.45500239694824
9723,18.58181760152588
9724,20.02998719694824
9725,28.974064
9741,15.27877021296997
9742,16.316562902288815
9743,15.908579603814696
9745,17.12698020228882
9754,14.142720604577638
9756,13.689922193896484
9757,13.272379792370604
9758,12.978143797711184
9759,12.950615788555911
9825,30.741337599999998
9826,30.8975726
9827,28.5289272
9828,31.653517200000003
9829,32.3259372
9864,32.1638212
9865,34.8484506
9866,34.602771600000004
9867,33.1608
9868,34.6654838
9884,15.194497613351441
9885,15.931311610681155
9886,16.204204603051757
9888,17.022067005340574
9893,28.286837995422367
9913,19.437003805340577
9915,17.598448402288817
9916,16.99731840839234
9917,28.323457996948243
9918,29.699779999999997
9919,26.82029039389649
9939,31.884712999999998
9940,32.6751934
9941,31.3598548
9942,28.0801872
9943,30.192505599999997
9944,26.8616884
9945,24.8200744
9962,18.829901398474117
9963,18.048572796948243
9964,24.169209603051755
9966,21.647032997711182
9967,20.668588006866454
9989,25.004435
9990,26.888586600000004
9992,29.3708714
9993,21.04622079847412
9994,23.116643995422365
9995,19.790108798474122
10014,28.113334599999995
10015,28.29392240152588
10016,26.591468593896487
10054,27.8628988
10055,29.6535826
10056,31.566533600000003
10058,21.5375626
10059,25.772639200000004
10060,22.99935439694824
10099,35.9203888
10100,34.511330400000006
10101,35.7555316
10102,33.825010400000004
10103,31.165840399999997
10126,17.05618220152588
10131,33.992883799999994
10132,30.302885600000003
10133,33.844683999999994
10155,34.0282556
10156,33.036792000000005
10157,31.005116400000002
10158,32.8711196
10159,29.448441999999993
10160,27.492863
10176,23.584051403051756
10182,31.032204200000002
10183,31.731445399999995
10184,30.754321799999996
10200,14.688264805340577
10201,15.19355639847412
10202,14.29789100076294
10208,17.82694419694824
10209,16.545847603051758
10210,15.993127996948242
10221,25.54615680305176
10227,34.003657200000006
10228,31.07856379694824
10229,33.2398194
10247,30.989460400000002
10248,33.326648399999996
10249,33.746946
10250,30.323348
10251,32.1955856
10252,28.7606584
10279,22.75062180152588
10281,34.5098522
10282,34.3036442
10283,33.8482326
10284,34.8437458
10312,31.7871442
10313,29.6785032
10314,28.1840596
10317,29.586451201525875
10318,28.7423918
10319,26.7222582
10320,27.9667392
10349,26.718109796948237
10350,25.417640199999997
10351,28.5415346
10352,28.345505401525877
10446,17.343951596185303
10447,15.325503193133546
10448,29.6919598
10449,29.226090596948247
10450,31.194424400000003
10531,35.2889532
10532,34.027155
10533,35.123147800000005
10534,28.68696
10535,30.3933176
10536,33.0648594
10576,14.45597860038147
10581,30.663227412207032
10582,31.63696440152588
10633,32.3357628
10634,35.4107686
10635,35.919775800000004
10636,30.000841400000002
10637,27.756102199999997
10638,31.319933399999996
10639,33.5349614
10658,34.0883504
10659,33.9500646
10660,31.087920000000004
10661,33.0051458
10662,30.7645506
10663,26.895034600000002
10664,29.186289199999997
10665,14.63258778855591
10666,14.441549777874759
10667,14.72718558550415
10668,14.983984608392337
10669,15.754618996948242
10671,15.185207793896485
10672,15.443218994659423
10720,13.613850598474121
10721,13.202367007247926
10723,14.050345500762939
10724,12.887157607247925
10725,12.662096407247926
10726,12.288290008010865
10727,12.396238012588501
10747,33.147567599999995
10748,33.8850554
10749,34.4522714
10821,14.456731396948243
10900,17.806497790844723
10901,33.7545838
10902,36.955109799999995
10903,36.0475182
10963,32.14603820000001
10964,29.036747400000003
10965,33.532184799999996
10966,35.1404452
10967,34.749576000000005
11144,11.506743996185303
11174,31.4384674
11175,28.187987799999995
11176,30.070295000000005
11178,26.5857688
11179,21.07082199694824
11180,22.96013099847412
11212,32.851233199999996
11213,32.6613254
11214,28.575378999999998
11215,30.927623400000005
11274,25.693525003051757
11275,23.856958201525877
11276,22.073074396948243
11277,30.913268400000003
11279,27.5604004
11280,28.789685
11306,29.059434399999997
11307,27.759341
11309,31.089876399999998
11310,21.2763766
11311,19.531293410681155
11312,23.40642139847412
11313,25.44859680305176
11334,34.7769772
11335,35.4020046
11336,32.728526
11337,30.8361384
11338,26.613968399999997
11339,28.3470458
11340,17.9307292
11341,17.052844409918215
11342,19.04894019694824
11343,20.445509398474123
11344,22.94016838474121
11345,21.698939003051755
11346,23.848737390844725
11378,29.294339199999996
11379,25.374448603051757
11380,27.0955282
11381,23.402831996948244
11382,21.440997816784666
11383,18.429891598474125
11384,20.406318812207033
11409,24.223779006103516
11410,27.821466000000004
11411,26.298154800000002
11412,30.362073399999996
11440,23.663525200000002
11441,20.056372609918213
11442,21.032588200762937
11443,18.3331024
11465,24.141389403051758
11466,27.7065472
11467,25.8728484
11468,29.483131399999998
11499,35.432887400000006
11500,31.1551226
11501,33.0657406
11502,29.3862346
11503,27.103163000000002
11504,25.35784180305176
11505,23.144832190844728
11690,32.8059574
11691,29.258347399999998
11692,30.8948936
11693,28.314842399999996
11694,25.4079724
11941,16.79557359923706
12297,16.46012579694824
12298,14.635073792370605
12299,32.264561
12300,32.61109780152588
12346,14.145878303814698
12347,14.7052078
12348,13.551945203051758
12349,15.656033308392335
12350,15.035389597711182
12351,16.311726192370607
12505,14.74338121525879
12506,14.206338411444094
12566,25.414043
12567,24.242502
12568,26.4211294
12572,23.156330006103513
12627,35.0132022
12628,34.2239102
12629,32.2987094
12630,29.734529400000003
12672,32.3209414
12673,31.228182000000004
12675,34.47816280000001
12676,29.283846999999998
13272,30.046407
13274,25.7714482
13275,27.003731799999997
13276,23.80879120305176
13277,21.073822409155277
13278,19.717802392370608
13279,17.900065207629392
13398,17.270256403051757
13399,16.6089480038147
13401,18.83511039923706
13407,30.4146402
13408,30.101894599999998
13546,13.991386999237061
13548,33.5378578
13549,34.2031634
13550,34.420609400000004
13588,20.67965119542236
13589,22.61779700152588
13590,19.111918206866456
13592,27.971439800000002
13593,24.60485860305176
13594,26.1234214
13653,30.789675799999998
13654,29.431317800000006
13655,32.0340056
13727,26.767500603051758
13728,22.160994199237063
13729,24.77596119694824
13735,17.99682920228882
13736,16.664365993896485
13737,20.941854195422362
13738,19.655889003814696
13884,16.28142718474121
13885,17.00670079694824
13886,15.06713441373291
13887,15.67128371296997
13888,19.34058480305176
13889,18.08224479923706
13890,21.356652995422365
14030,30.918717400000002
14031,30.793611
14032,33.1070688
14033,32.2779992
14315,14.517645392370605
14316,33.834130800000004
14317,32.361039996948236
14360,34.8419814
14361,34.644410199999996
14362,28.7616092
14363,30.193143599999996
14364,31.6987342
14365,32.794356199999996
14469,19.905465000762938
14474,36.385654599999995
14475,36.1904822
14476,34.5746402
14477,32.0869606
14537,10.221173598474122
14643,16.96165839847412
14644,15.58223659923706
14645,14.553346396948239
14763,22.248171598474123
14764,23.508563603051762
14765,25.7189572
14771,21.527372591607666
14772,20.10978201678467
14773,17.1479058
14774,18.4888554
15109,20.66693160152588
15110,17.74576661449585
15111,16.568443606866456
15327,32.6182336
15328,34.470872400000005
15329,36.636674000000006
15331,26.704228403051758
15332,24.5060092
15333,28.8891032
15334,30.0792532
15395,16.60340680228882
15486,33.76696840000001
15488,31.735284
15489,28.956789399999998
15490,27.0798614
15491,24.36030300305176
15492,20.795894198474123
15493,23.006204803051755
15579,32.7488066
15614,30.2740112
15615,32.63121700000001
15617,34.2989702
15618,24.536995603051757
15619,22.557274602288818
15620,26.5940018
15621,28.9132614
15668,34.8108928
15670,33.89707919999999
15671,32.3526574
15672,26.345349200000005
15673,24.545578206103517
15674,25.4101976
15758,17.595345000000002
15763,32.885194
15764,30.165064396948242
15765,32.8537632
15808,32.6482462
15809,33.6584826
15810,34.58650920000001
15811,30.2503962
15812,32.4546234
15869,30.953984400000003
15870,32.6216226
15872,35.3128864
15873,25.23904540152588
15874,29.080025999999997
15875,27.15970760305176
15907,34.645909
15908,35.109522000000005
15909,34.0831418
15910,29.836346
15911,32.5857558
15912,28.2336792
15913,26.2823462
15941,35.40114319999999
15942,36.164676
15943,33.4408494
15944,28.9799298
15945,33.77245359999999
15946,31.213298599999995
16015,34.5487656
16017,32.582852200000005
16018,30.996811399999995
16019,26.708375999999998
16020,28.5500484
16021,25.096885003051757
16022,22.969303596948244
16065,20.85928319847412
16070,27.5159264
16071,29.620758799999997
16130,26.076838799999997
16131,21.67626459847412
16132,23.63790340305176
16137,20.154111598474124
16162,23.372025004577637
16163,21.311165
16166,27.269045999999996
16167,26.51634920305176
16168,30.598098399999998
16196,29.277773200000002
16197,25.378064
16198,27.110546999999997
16202,22.870328192370604
16203,23.69547240305176
16204,20.49964238779297
16205,19.834048994659423
16262,20.65431000305176
16263,23.439266603051756
16265,33.9640444
16266,35.1209756
16267,34.5399628
16294,24.13057100457764
16295,26.338326606103514
16296,22.379292193133544
16297,21.074250592370607
16299,32.9100506
16300,30.141679800000002
16301,27.5110362
16556,35.958330600000004
16557,35.1335472
16558,30.163946
16559,32.090939999999996
16649,28.006272996948248
16650,26.259735999999997
16651,28.285593203051757
16652,27.69461159847412
16653,24.386789193896487
16654,27.74860579847412
16655,27.91543879847412
16656,24.099724596948242
16657,27.779144600000002
16774,11.419615302288818
16823,34.5660106
16824,36.5233654
16825,36.832477
16826,25.717217796948244
16827,27.958597996948242
16828,27.515106996948237
16829,27.298065796948244
16830,27.474606596948245
16831,27.720419790844726
16832,24.595021396948244
16843,11.05888799732971
16860,26.1848728
16862,25.904171596948242
16863,26.13303879542236
16864,25.140391795422364
16865,23.801049598474123
16866,21.455614803051756
16867,23.02411939694824
16868,22.590380389318845
16869,21.111224993896485
16870,23.432533796948245
16871,24.792863181689455
16872,26.692701798474122
16873,26.034418598474122
16875,27.05056839847412
16878,23.06310360152588
16879,26.332729999999998
16880,26.483584999999998
16881,26.622612604577636
16882,26.18040499847412
16883,26.55838039694824
16884,23.79190638931885
16973,34.8524346
16974,32.189206999999996
16975,33.8280732
16976,32.3918836
16977,27.5153724
16978,27.74539960305176
16979,27.57012319694824
16980,26.923523995422364
16981,26.41718900305176
16982,27.976256403051757
16983,28.521281396948247
16984,25.35778500152588
16985,28.3826324
16986,28.743177000000003
16987,28.414484395422363
16988,26.086562389318846
16989,28.861755796948245
16990,25.876303004577636
16991,24.917208989318844
16992,26.32234059389649
16993,26.4371526
16994,25.084961401525877
16995,25.381842600000002
16996,23.0623174
16997,26.66153139694824
16998,26.24151919694824
16999,25.620615398474122
17000,28.280188399999997
17001,27.824098801525878
17002,27.22553240457764
17003,27.542652195422363
17004,25.058380404577637
17005,25.0419604
17006,25.066709
17007,26.808503196948244
17008,27.424544596948245
17009,23.182424199999996
17010,24.330971601525878
17011,27.517259198474118
17012,27.236722599999997
17013,27.449906393896487
17014,27.253108400000002
17015,26.731167193896482
17016,26.243406006103516
17017,27.750236795422364
17018,26.78000699694824
17019,23.129082192370607
17020,22.01167699465942
17021,25.653896593896484
17022,28.049131796948245
17023,27.690839996948245
17024,28.497565796948244
17025,26.715645393896484
17026,28.2327084
17027,27.722202793896486
17028,26.872999998474125
17029,27.518444603051755
17030,27.139955195422367
17031,22.584468604577637
17032,26.57827219847412
17033,26.11488279389648
17034,26.20363919542236
17035,24.92169039694824
17036,22.131877590844724
17037,26.384673596948243
17038,26.625569596948242
17039,22.8779272
17040,25.30340020305176
17041,26.240957598474118
17042,27.609735398474122
17043,25.493018196948242
17044,27.812193593896485
17045,27.79311079694825
17046,23.83844838626709
17047,27.112219596948243
17048,26.658193196948247
17049,26.6875048
17050,22.518703
17051,13.199518404577637
17052,13.576796603051758
17053,13.13554680152588
17054,12.980531406103518
17055,12.823135402288818
17056,12.74669539847412
17057,25.778570995422363
17058,26.666152999999998
17059,26.79810340152588
17060,27.75163100152588
17061,23.56754860152588
17062,26.888466000000005
17063,23.73315678931885
17064,25.77439778779297
17065,24.812311581689453
17066,26.203592186267095
17067,27.264730995422365
17068,26.341776999999997
17069,26.47490440152588
17070,25.637632593896484
17071,23.58976219694824
17072,25.70665579694824
17073,23.231406398474128
17074,27.179123403051754
17075,27.584956198474124
17076,27.150782996948244
17077,27.178800799999998
17078,26.8755856
17079,27.45153920152588
17080,22.57002000152588
17081,24.648365396948243
17082,21.397374793896482
17083,25.967535003051758
17084,26.09230079847412
17085,27.55775659694824
17086,27.027318400000002
17087,24.18967718626709
17088,26.926835400000005
17089,27.6124368
17090,25.965605003051756
17091,22.40066338703003
17092,22.875080207629395
17093,26.041859586267087
17094,27.575940000000003
17095,25.483876195422365
17096,27.6699206
17097,24.11173398931885
17098,23.161949380163577
17099,19.344763983978268
17100,19.610030009918212
17101,21.224410792370602
18099,17.840914802288818
18100,15.998284594659424
18101,15.098741395422362
18102,31.9265516
18103,31.021200196948246
18384,13.546602098474121
18697,32.4586006
18838,19.628969196948244
18839,17.847915196948243
18841,21.19097479923706
18846,16.77903979771118
18947,31.007163600000002
18949,29.151345199999998
19662,28.357830999999997
19663,26.182104
19664,24.359298799999998
19665,22.08858020305176
19666,20.846634209155273
19667,17.896525993133544
19668,19.4359902
19716,13.416245009918214
19717,13.885152196948244
19718,14.666597001525878
19719,15.443545001525877
19720,16.340391600762935
20639,24.33413520152588
20640,21.82284380152588
20641,20.18662780190735
20642,18.875686202670288
20643,17.36705860076294
20682,30.073172600000003
21070,16.921716805340576
21071,14.6217996
21072,15.30127050228882
21073,14.370509803814699
21074,14.188511606103514
21075,13.809339597711181
21331,33.30775559999999
21332,30.9568626
21333,32.629398200000004
21334,34.3889118
21335,30.3443508
21338,24.268246799999996
21339,22.47562160152588
21345,30.877345000000002
21353,29.40715780610351
21354,31.652013400000005
21355,29.009599
21356,32.4666072
21357,33.342735000000005
21358,33.476486
21359,23.8336964
21367,30.541346796948243
21368,33.129899400000006
21369,31.3372994
21370,32.1677516
21371,25.5068628
21372,23.553228422888182
21373,26.934201389318844
21374,26.659394804577637
21375,27.114761395422363
21376,27.802516400000002
21377,26.86706079847412
21378,22.836027990844727
21379,27.18195799237061
21380,27.952515600000005
21381,27.353186796948243
21382,28.024935996948244
21383,27.57984879847412
21384,26.8292082
21385,26.90084420152588
21386,26.680327800000004
21387,23.582820799999997
21388,21.340889986267094
21389,25.629649
21390,28.8888482
21391,28.716151200000002
21392,26.021609792370604
21393,22.81697980305176
21783,29.2950742
21784,26.779154400000003
21785,20.052790992370607
21786,23.2988374
21787,24.9156606
22173,23.639712796948242
22174,22.281655200000003
22175,18.80547499389649
22176,16.995891192370607
22177,20.641054396185304
22178,24.83755820305176
22179,26.503620599999998
22246,31.7265244
22247,30.5532178
22248,24.445713599999998
22249,21.125052200000003
22250,23.08757099694824
22251,25.914465999999997
22252,29.2887338
24703,17.62574359847412
24704,17.847460398474123
24705,18.02849529923706
24706,17.95056160305176
24707,17.859857603051758
24775,33.8939652
24776,26.5258708
24777,29.2108606
24778,30.152708
24779,33.614744
24780,32.5034014
24781,17.372356606866454
24782,18.23238360152588
24783,16.775802802288815
24784,16.107873201525877
24785,15.45980499656677
24786,19.4079908
24787,21.100412403051756
24815,31.818316600000003
24816,31.9215642
24817,23.995716800000004
24818,26.4716072
24819,27.763724000000003
24820,31.298443
24821,30.566395
24830,34.502682
24831,31.6077152
24832,31.0881372
24833,31.963063
24834,29.360344799999996
24835,28.329084799999997
24836,19.116929199237063
24837,18.014797206103516
24859,18.6218816
24860,20.83319380152588
24861,32.0023212
24862,30.584059596948244
24863,29.88371479847412
24864,17.37307259923706
24865,16.41402499885559
24866,19.09385519847412
24867,17.865833409918213
24868,22.570447603051758
24869,21.042604998474122
24891,17.789279407629394
24892,18.875456000000003
24893,17.718716806866453
24901,32.9716496
24902,33.3837684
24903,32.729438599999995
24904,31.586723999999993
24905,27.7007988
24906,29.166168199999998
24917,28.6465508
24918,27.179723799999998
24919,26.001724196948242
24920,29.357219596948244
24921,28.24464700152588
24932,33.4234424
24933,34.212120000000006
24934,29.6597076
24935,25.7136904
24936,26.7776184
24937,28.4799462
24938,22.6476794
24939,25.573125398474122
24940,26.644967598474125
24947,31.9048518
24948,30.994852796948244
24955,23.43485999847412
24956,22.032435200000002
24959,33.1347778
24960,30.126213592370608
24961,18.07239540076294
24962,16.72007739847412
24963,16.07414439809265
24964,19.955281796948242
24965,18.936044003814697
24966,19.250559996948244
24967,20.586631004577637
24989,18.434393196948243
24990,17.5413666
24991,15.73063879809265
24992,16.79831840305176
24993,15.410312600000003
24994,15.782487999237063
25003,30.935746
25004,33.718116200000004
25005,32.43022
25006,29.971423400000003
25007,34.0018914
25008,33.503309
25018,33.5524382
25019,29.901986
25020,30.831246
25021,30.8650466
25022,21.89779919847412
25023,20.926278601525876
25024,20.19707580228882
25025,23.0830202
25026,25.102153990844727
25031,25.696327200000002
25032,27.636578990844725
25033,24.168953601525878
25045,29.743680600000005
25046,31.437514399999998
25047,30.816556600000002
25048,27.469094399999996
25049,29.1792756
25050,33.7761214
25051,24.432903399999997
25052,26.01982339847412
25060,31.821555403051757
25061,32.997758600000004
25070,30.1589448
25071,31.941195600000004
25072,26.139643999999997
25073,24.394088
25074,27.431011
25075,29.6909108
25076,30.796715800000005
25077,21.494772003051757
25078,22.813947000000002
25079,25.951371603051758
25091,27.785253003051757
25092,26.36052600457764
25093,25.400673595422365
25094,22.3393984
25095,29.305726403051757
25103,27.07398139847412
25104,28.718662998474123
25106,24.986899400000002
25107,25.31792198168945
25108,26.116793990844723
25109,21.27853059847412
25110,23.022918800000003
25111,23.89173780152588
25114,27.691312800000002
25115,26.040600398474123
25128,24.579582
25131,31.371127
25132,31.010860599999994
25133,27.708432793896485
25134,24.801824006103512
25135,25.93076939847412
25136,21.847353590844723
25137,20.66830820228882
25138,22.822342193896485
25141,26.908411392370603
25142,25.771197401525875
25147,26.26127200305176
25148,26.020599189318848
25151,22.560097797711183
25152,21.396832594659422
25153,25.155443798474124
25154,23.482772395422366
25155,22.828303600762936
25156,23.615394192370605
25159,26.213991195422363
25160,24.723217606103518
25166,20.546178200762938
25167,21.67332320076294
25172,20.326773993896484
25173,18.2854792
25176,23.382031206103512
25177,24.21368739847412
25178,21.058412195422363
25179,20.319789802288817
25180,22.58585059389648
25184,27.45676519847412
25185,26.049892804577638
25190,22.201504806103515
25191,23.759078398474124
25196,19.875951395422366
25197,17.73763500152588
25200,21.008423194659425
25201,22.34355980076294
25205,25.493779
25206,23.8857188
25211,27.146365600000003
25212,27.561869204577636
25220,24.534375396948242
25221,23.39768600076294
25224,22.16266378855591
25225,21.160057797711183
25226,25.587160396948242
25227,23.048606790844726
25228,21.269906201525878
25231,27.306822807629395
25232,28.568348200000003
25238,24.1180118
25239,23.0925896
25242,29.570390196948246
25243,30.0066876
25244,26.491845992370607
25245,22.6238542
25246,20.66446460228882
25249,23.052699999999998
25250,24.738633200000002
25254,23.99588159847412
25255,27.318213586267092
25256,26.85927698779297
25257,26.925158198474122
25258,26.87859619694824
25259,25.330016192370604
25260,22.08645240228882
25261,24.354789992370605
25262,22.34769579847412
25263,24.387757003051757
25264,25.42859739847412
25275,26.098000000000003
25276,25.87957920152588
25277,27.073731595422363
25278,27.579314595422364
25279,25.832651395422364
25280,24.89404979694824
25281,24.2110964
25282,23.07866680076294
25283,25.07234479694824
25284,26.848768404577633
25293,26.469346590844726
25294,25.335709995422363
25295,23.3697976
25296,24.558744590844725
25297,21.819673197711182
25305,27.937375186267086
25306,27.931442200000003
25307,26.147723790844726
25308,24.879766396948238
25309,23.316304396185302
25310,28.08655398626709
25311,27.034131592370603
25312,22.812160394659422
25313,24.17213160076294
25314,21.888942200762937
25315,26.446320000000004
25316,24.9989172
25327,23.900596193896483
25328,25.259680796948242
25329,23.3655494
25330,21.52912420152588
25339,26.64061599542236
25340,26.947806401525884
25341,24.885808195422364
25342,26.25737398321533
25343,24.18634359389649
25344,22.055770595422366
25345,23.117770393896485
25346,24.9627246
25347,23.58585359542236
25348,24.885966786267087
25349,27.55500180152588
25350,25.934551395422364
25351,27.829858393896483
25352,29.2260402
25360,27.440850209155276
25361,25.817726604577636
25362,23.71237920228882
25363,24.137568996948243
25364,21.883289199237062
25365,21.212502398474122
25366,23.9330308
25367,22.26846420152588
25368,24.64907279694824
25369,25.897377996948244
25376,27.515148206103515
25377,23.065243996948244
25378,24.02342598779297
25379,24.633149598474123
25380,25.581835389318847
25381,25.604710795422363
25382,25.63773699694824
25383,28.061714000000002
25384,26.6670868
25385,27.95583879542236
25390,26.15023459694824
25391,24.78501740076294
25392,23.57970560228882
25393,25.28828838474121
25394,23.534158400000003
25395,22.06626399542236
25396,25.457047795422362
25397,26.64706759847412
25401,28.03212998931885
25402,27.819831803051763
25403,25.825887384741215
25404,27.362839601525877
25409,25.055710596948238
25410,24.393132184741212
25411,20.188600001525877
25412,22.23176560152588
25413,23.004319801525877
25414,22.4616783961853
25415,22.06693079923706
25416,24.089124797711182
25417,25.214953395422363
25422,26.973384589318847
25423,25.56187499847412
25424,27.05368600305176
25425,26.927917598474117
25429,26.3427188
25430,25.687904590844727
25431,21.874078198474123
25432,20.525376610681153
25433,22.911311993896486
25434,20.699705792370604
25435,18.2915082
25436,20.234715795422368
25437,21.658940993896483
25438,22.21597399847412
25444,25.938872795422366
25445,25.052385189318848
25446,26.725432395422366
25447,27.380501993896484
25452,25.95125340305176
25453,24.931465787792966
25454,22.953898801525877
25455,24.10429719389648
25456,23.166870198474122
25457,22.234747
25458,24.369009196948245
25459,25.220777793896485
25465,27.0430572
25466,25.351156795422366
25467,25.611337595422363
25474,24.0641168
25475,22.677536596948244
25476,26.511548593896485
25477,27.63203419694824
25478,24.974828390844728
25479,25.458016189318847
25483,29.07476979694824
25484,28.02248319694824
25485,25.659599193896486
25486,25.24662279847412
25487,24.482046990844726
25488,24.85958119084473
25489,26.41195639237061
25490,26.96217859694824
25491,24.556126378637696
25492,25.358116393896484
25493,25.352878793896487
25494,25.460292603051755
25498,25.00119718779297
25499,25.159723392370605
25501,22.70963439847412
25502,23.514654995422365
25503,26.066972604577636
25504,25.15685718321533
25505,24.827164595422364
25506,23.637890798474125
25507,20.857730692370602
25508,19.638573393896486
25509,21.558508996948245
25511,23.78920780152588
25512,23.9609228
25517,27.694100393896484
25518,27.35163398474121
25520,24.319550796948242
25521,23.655320193896483
25522,26.574720393896484
25523,25.58030439084473
25524,25.25097838474121
25525,25.825932206103516
25526,22.142210604577638
25527,24.35504919542236
25529,26.562407198474126
25530,26.711225590844727
25533,26.452198796948245
25534,25.35782899542236
25537,22.954761593896485
25538,20.83823259694824
25539,21.730590796948242
25540,24.95865779542236
25541,25.1902712
25542,22.270496770245366
25543,25.77199039694824
25544,25.1577876
25545,25.434069181689456
25546,24.78104019847412
25547,23.83546898626709
25548,25.444772383215334
25549,24.34186600152588
25551,25.099081990844727
25552,25.790332
25557,25.290159
25558,25.16700479694824
25560,23.87219940152588
25561,23.471747393896486
25562,21.481408393896487
25563,21.96868500152588
25564,24.06809599847412
25565,27.4010126
25566,27.63275199694824
25567,23.406957
25568,23.12270998474121
25569,27.787481196948242
25570,27.341729407629394
25571,25.912448803051756
25572,22.488267192370607
25573,22.903084003051756
25574,23.350837393896487
25575,21.240831399999998
25576,20.50550539694824
25577,22.476881384741212
25578,23.510246193896485
25579,24.662988389318848
25581,24.60306439389648
25582,26.940075200000003
25585,24.22900199084473
25586,26.859634
25587,26.79374880457764
25588,26.81365739694824
25589,26.68251999694824
25590,26.732439195422366
25591,26.49733540610352
25592,27.342208798474122
25593,26.940348387792966
25594,27.148446804577638
25598,22.84191679694824
25599,23.66763619847412
25600,25.31203198931885
25601,26.425517998474117
25602,26.105047193896485
25603,26.155998793896487
25604,25.90369238931885
25605,27.028802803051757
25606,22.298563391607665
25607,26.460933392370606
25608,27.573552799999998
25609,22.62274218931885
25610,28.05365320305176
25611,26.578031993896484
25612,28.313893
25613,28.397310000000004
25614,28.26755
25615,27.755159196948238
25616,27.655719393896486
25617,27.553193198474123
25618,27.03944160152588
25619,21.25624760152588
25620,25.140144196948242
25621,25.49646439389648
25622,22.848091792370603
25623,24.25482779694824
25624,24.969608995422366
25625,27.657540800000003
25626,27.63071320152588
25627,25.79180659542236
25628,28.061256390844726
25629,27.97917739847412
25630,26.988979603051757
25631,26.120040792370606
25632,27.012128793896487
25633,27.43327860152588
25634,27.81469300152588
25635,23.02800500305176
25636,27.279196803051757
25637,23.412428603051758
25638,25.963770392370606
25639,26.509797595422366
25640,26.14738039847412
25641,26.079644790844732
25642,25.66597660152588
25643,24.24022059694824
25644,27.212026993896483
25645,27.3723346
25646,27.7056074
25647,25.646975199999996
25648,20.708730990081786
25649,20.51476278474121
25650,24.466959380163576
25651,24.45918378931885
25652,23.48440038626709
25653,24.070880195422365
25654,24.988777792370605
25655,25.53529979847412
25656,26.301103395422366
25657,26.454542203051755
25658,25.526678403051758
25659,27.16158459542237
25660,26.675010000000004
25661,23.01456619847412
25662,27.378004800000003
25663,27.326222604577634
25664,26.74890819847412
25665,26.215846403051764
25666,26.00544020152588
25667,24.90013759694824
25668,26.03396259542236
25669,26.213591203051756
25670,26.449537600000003
25671,25.5830734
25672,23.835465204577638
25673,26.45704500152588
25674,26.735637596948244
25675,27.019882198474125
25676,26.7223756
25677,24.248315
25678,20.24977159847412
25679,24.657595399999998
25680,25.1346322
25682,23.981198
25683,25.878152399999998
25684,24.02766598626709
25685,22.91109899694824
25686,22.186205993896486
25687,25.323334398474124
25688,25.481529000000002
25689,26.159280000000003
25690,27.50655500152588
25691,25.322303595422362
25692,23.7187544
25693,27.861938595422362
25694,27.23985539694824
25695,27.42317979847412
25696,26.719964193896487
25697,25.36595879694824
25698,24.21244418474121
25699,24.82904939237061
25700,25.096147989318847
25701,21.516886371008304
25702,25.315760781689455
25703,27.37323319694824
25704,23.915480203051757
25705,28.2389126
25706,28.372410401525876
25707,27.89514279847412
25708,27.600199593896484
25709,26.975662598474123
25710,26.958834796948242
25711,27.226849392370603
25712,23.653853803051756
25713,27.191175403051762
25714,22.883291207629394
25715,26.5517688
25716,26.954597001525876
25717,26.390412792370608
25718,26.21298620305176
25719,25.153178995422362
25720,27.99061820305176
25721,28.207614999999997
25722,26.389899998474124
25723,26.903032196948242
25724,27.094447396948237
25725,26.195676390844728
25726,26.14854700305176
25727,21.513917994659426
25728,25.839352396948243
25729,27.16905580610352
25730,22.218748207629396
25731,25.940525400000002
25732,26.19696099084473
25733,27.03990340152588
25734,26.617380407629394
25735,24.727116996948244
25736,25.853412992370608
25737,24.311525999999997
25738,23.482377400762935
25739,26.8831592
25740,24.493804590844725
25743,25.28025760305176
25744,25.29959520152588
25745,25.093869792370604
25746,27.119169406103516
25747,27.32499480152588
25748,26.64769098779297
25749,26.425958599999994
25750,26.738629201525878
25751,22.32922619389648
25752,27.990317403051755
25753,27.7904842
25757,24.129657996948243
25758,22.90454500152588
25759,25.347984187792967
25760,26.788552400000004
25761,25.745996193896485
25762,27.194384195422362
25763,26.533221795422367
25764,26.28424659389649
25765,24.871788395422364
25766,26.11603660305176
25767,26.266338196948244
25768,22.657344795422365
25769,21.896618598474124
25770,25.14518078321533
25771,26.076922599999996
25772,26.196748393896485
25773,26.69152399694824
25774,27.309708795422363
25775,26.489543396948243
25776,21.776153398474122
25777,25.10527238931885
25778,26.7784486
25779,23.215837399999998
25780,20.637237401525876
25781,21.65744328474121
25785,16.47097806
25786,19.866439995422365
25807,22.866934798474123
25808,20.968738004577638
25809,18.469226608392336
25810,19.541901401525884
25811,17.942816208392337
25812,16.637444894277955
25813,18.889879001525877
25814,17.001640205340575
25815,18.759847800000003
25816,20.61616239847412
25837,22.181536803814698
25838,20.023431595422363
25839,18.683430405340573
25840,19.65703780228882
25841,17.51315240152588
25842,18.00285840267029
25843,21.31011599694824
25844,21.289153996948244
25845,22.32671759694824
25854,30.111029598474126
25855,31.3776024
25856,16.26634219542236
25857,17.06654260076294
25858,18.1344566
25859,17.745919006866455
25866,21.97605560076294
25867,19.2312462
25873,21.3767222
25880,32.622780199999994
25881,33.436032600000004
25882,32.819315599999996
25883,31.374863999999995
25892,30.342931799999995
25893,32.3587174
25894,32.6996956
25895,33.2302642
25896,31.657986600000005
25906,31.176108999999997
25907,33.1529434
25908,32.008916000000006
25909,32.16293519999999
25910,30.2504072
25911,28.187193200000003
25912,19.474782400000002
25913,21.2801518
25914,22.402000606103517
25925,32.41321999694824
25926,33.279996800000006
25927,19.8778046
25933,21.817783606103514
25934,20.465096199999998
25939,31.9627116
25940,31.3894992
25950,28.2855278
25951,30.405847799999997
25952,31.035226799999997
25953,32.5248384
25954,32.500622400000005
25959,22.351490007629394
25973,31.350506799999998
25974,32.0941938
25975,32.9324216
25976,30.864146999999996
25977,29.547519599999998
25978,27.6614732
26054,32.438713199999995
26055,33.157447600000005
26056,32.8727468
26069,18.138164204577635
26072,20.279588
26073,22.38476099847412
26082,20.72741300152588
26083,18.57617700305176
26086,17.273227609155274
26091,31.4765216
26092,30.609256996948243
26205,32.9643782
26206,30.6440496
26207,30.5841274
26208,32.4033908
26209,34.151828
26210,33.995332000000005
26211,21.182532803051757
26212,19.132945799999998
26221,29.48428499694824
26222,31.419622800000003
26223,18.15722361296997
26230,18.086670003814696
26231,20.223176203051757
26245,32.736477
26246,34.0562242
26247,33.205671
26248,30.4939598
26249,28.6766284
26250,32.08734
26251,20.16431180152588
26252,21.49313560152588
26262,27.935266801525877
26263,29.714339399999993
26264,14.987510797711181
26265,16.157420397711185
26272,16.826593806103514
26273,16.010485898474123
26285,19.4510026
26286,21.579430398474123
26293,18.477541404577636
26294,30.851476599999994
26295,31.591274799999997
26307,30.256066406103514
26308,31.865747
26309,32.9441918
26310,34.1239544
26311,31.6167314
26312,27.225707996948245
26313,27.299334390844727
26314,26.46999098931885
26315,25.62492820610351
26316,27.43123238779297
26329,32.0070516
26330,32.461582
26332,25.908766599999996
26333,27.1703084
26334,32.9358552
26335,30.7911758
26349,31.668097799999998
26350,29.0859118
26351,27.588401000000005
26352,24.328503604577637
26353,22.098019606103513
26354,20.454397604577636
26379,33.971354399999996
26380,26.6772464
26381,27.041298800000003
26382,28.8600272
26383,31.4056232
26384,31.159523999999994
26398,31.991289800000004
26399,31.437096000000004
26400,30.532179000000003
26401,29.146026200000005
26413,28.630514800000004
26414,30.2987092
26415,22.049730603051756
26416,23.536925200000002
26417,27.440940599999998
26418,19.454315196948244
26419,20.1203292
26429,30.222908603051756
26430,31.338620400000003
26431,29.228817996948244
26443,31.016758999999997
26444,32.5582864
26445,26.230069200000003
26446,28.685006800000004
26447,27.1632428
26459,30.841425400000002
26460,32.7522134
26461,29.5951954
26462,31.7993632
26463,28.155599799999997
26464,27.1826828
26465,23.87654938168945
26466,24.675999807629395
26467,25.85481299847412
26468,25.681182793896483
26469,25.893896399999996
26470,25.835085787792973
26493,31.0165392
26494,34.473181999999994
26495,32.5085152
26496,34.066065800000004
26497,30.685922600000005
26498,29.262522999999998
26499,27.353798800000003
26500,21.4993696
26510,32.298508000000005
26511,31.243635599999998
26526,32.4147558
26527,29.183115200000003
26528,24.0556657
26529,23.462127596948243
26530,28.7270918
26531,26.953113600000002
26541,31.306646999999998
26542,35.3022232
26543,35.2756058
26544,33.5589876
26545,30.789113999999994
26546,34.6928124
26547,22.269499200000002
26558,31.66687679694824
26559,30.456918
26560,30.583821399999998
26561,18.502149397711182
26568,20.519361795422363
26569,18.5659326
26574,33.3599166
26575,30.733539999999998
26576,27.744392599999998
26577,18.280411199237058
26578,19.047344799999998
26579,20.875791198474122
26589,32.161176
26590,18.45248500152588
26596,20.53500000152588
26597,18.5130172
26606,20.234193398474126
26607,20.90652540915527
26614,17.8645946
26615,17.460706408392333
26616,16.869340006103517
26617,15.603826599237062
26618,16.132732001525877
26624,17.066127402288817
26625,16.175949603051755
26706,20.64545900305176
26707,21.59718980610352
26710,18.80593020305176
26711,30.1885658
26712,15.776870995422362
26713,15.004580398092653
26714,16.780051595422364
26715,18.15686399847412
26716,17.845298605340577
26719,22.205850199999997
26720,19.918307199999997
26769,20.566161404577638
26770,22.85730280152588
26775,17.64971679847412
26776,18.24460960152588
26777,16.4428726
26778,15.222290196566771
26779,16.005839596185304
26812,20.845356804577637
26813,19.8805662
26816,33.106775999999996
26817,32.0518172
26818,31.6198486
26851,20.3099558
26856,34.8541742
26857,32.4349586
26858,34.294982399999995
26859,34.7964648
26918,14.436463010681152
26919,15.478079206103516
26924,17.143419406103515
26925,16.118199699999998
26996,19.419874599999996
26997,21.921142196948246
27001,18.42507200152588
27002,17.505285206866454
27003,19.981701609155273
27004,20.945547796948244
27005,18.09312039847412
27006,17.27242179656677
27007,19.15051679923706
27011,22.875840406103514
27012,21.415390803051757
27017,21.297627198474125
27025,32.209254599999994
27026,31.798051200000003
27027,31.6499278
27058,18.90077920305176
27063,21.656583998474122
27064,20.55753240152588
27067,30.986823400000002
27110,22.994365790844732
27111,21.65659259542236
27112,24.0384172
27113,26.125147400000003
27116,26.993439401525883
27117,27.873249386267087
27132,21.729600400000002
27135,29.975512595422362
27136,28.321761003051755
27137,25.189965396948242
27138,27.72137600152588
27139,22.287765581689452
27140,23.43187439237061
27141,22.188278183215335
27142,25.796557798474122
27143,25.999620389318846
27144,26.327910003051755
27145,26.228181993896488
27146,23.930116195422364
27147,20.821426393133546
27148,25.55927039847412
27149,25.123062796948243
27150,21.444623198474122
27151,25.854073595422363
27152,25.32820979694824
27153,25.141083395422363
27154,24.976535603051758
27155,24.02602899542236
27169,26.4559796
27170,24.511189401525883
27171,20.710942603051755
27175,27.8188762
27176,28.9036042
27178,32.0022722
27194,20.47750080228882
27197,17.892782202288817
27198,17.262003405340575
27202,31.941379406103515
27223,32.329299000000006
27224,33.618944799999994
27225,33.5874758
27226,27.447672999999998
27227,29.277202
27228,31.309441999999997
27258,32.6075242
27259,34.314158000000006
27260,34.4292596
27261,33.292622400000006
27262,30.498681400000002
27263,29.3227386
27284,31.939510399999996
27285,33.8157056
27286,31.691904
27287,34.2148256
27288,33.6719248
27289,16.19476019389648
27290,17.418305397711183
27291,18.421406218310544
27294,19.84092581678467
27330,33.5329914
27331,36.5563758
27332,36.302188799999996
27333,35.39194739999999
27334,33.8789862
27382,18.13381239847412
27383,19.38430019847412
27386,21.584331595422366
27387,30.008800199999996
27388,30.909173200000005
27407,27.518944599999998
27408,30.4434804
27409,26.091016000000003
27410,29.1333474
27411,30.244571200000003
27412,30.949645600000004
27423,30.693277400000007
27424,32.007518600000004
27425,32.7739976
27427,28.536239199999994
27428,26.753646200000002
27429,25.36177919694824
27441,31.5775012
27442,31.66780579847412
27443,27.891396596948244
27444,28.406955399999998
27445,29.543048186267093
27472,19.2621954
27473,18.4589646038147
27474,17.540079604577635
27475,15.494310596185304
27476,19.759982001525877
27477,20.568435793896484
27479,22.51780740305176
27487,14.951871011444092
27517,21.23296000152588
27522,31.3170834
27523,32.4274438
27524,32.2545858
27535,22.72883640305176
27536,24.6034112
27539,28.416557
27542,25.160656799999998
27543,23.6233432
27578,19.70059239847412
27579,21.233731996948244
27581,23.3449904
27582,18.00081859847412
27583,16.71802930152588
27584,16.030834397711182
27585,15.055266113732909
27599,20.64308380305176
27600,26.3037506
27603,24.216000806103516
27604,22.448103406103513
27624,15.547744598474122
27625,16.472006893896484
27627,18.360749204577637
27628,14.615336001525879
27629,14.124511903051758
27630,13.591855308010864
27658,21.54626420152588
27664,33.86332180000001
27665,32.2897146
27666,32.8157388
27676,22.74307000305176
27677,24.981497606103517
27678,26.895660600000003
27679,28.7520492
27683,33.0218732
27684,31.806728799999995
27685,29.9362644
27699,28.761344200000003
27700,30.068129799999998
27701,32.7938808
27705,26.8221382
27706,25.156858201525875
27707,22.987614404577634
27726,33.5276008
27727,32.4290602
27728,30.1189092
27729,24.098197399999997
27730,22.313440000000003
27731,25.4895596
27732,27.786217599999997
27744,23.473107199999998
27745,21.565086198474123
27746,18.836508801525877
27747,20.420863193896487
27748,25.7296426
27749,26.8541376
27750,29.3873874
27775,20.368340796948242
27776,31.189954999999998
27777,30.123769200000005
27778,31.697657600000003
27779,31.0076716
27793,23.564542403051757
27794,21.25241099923706
27795,29.094550400000003
27797,25.392927999999998
27798,24.0076218
27820,28.2576194
27821,29.8407566
27823,32.568834
27824,24.627286003051758
27825,26.595118199999995
27826,20.84286419923706
27827,22.806294203051756
27878,14.527811312207032
27881,31.788001799999996
27882,33.716063601525875
27883,29.9713256
27884,33.155267800000004
27887,15.155457616784668
27888,14.203607208392333
27913,32.092388
27914,31.554972600000003
27915,32.555673199999994
27917,29.5175432
27928,26.976966999999995
27929,23.345831395422366
27930,24.130767203051754
27932,32.830482
27933,28.872791
27934,31.6131238
27950,31.5963028
27951,29.157744200000003
27952,32.9754616
27954,24.058455203051757
27955,24.8886142
27956,22.201001998474123
27957,27.240475800000002
27972,34.010402
27973,30.225092400000005
27974,32.398278600000005
27975,25.900021000000002
27976,23.969456299999997
27977,22.324509403051756
28006,35.2418618
28007,34.572244
28008,29.884261600000002
28009,28.568373
28010,32.184579199999995
28011,33.1305074
28025,25.2550522
28026,24.165572400000002
28027,22.63719140305176
28028,27.322502000000004
28029,29.757949200000002
28030,32.059802
28048,29.059941200000004
28049,27.694430599999997
28050,25.3036116
28051,20.960313604577635
28052,22.428478606103518
28053,24.326760806103515
28063,22.064790001525882
28064,23.518965200000004
28065,25.218469
28066,26.819800199999996
28086,24.793408400000004
28087,23.403948803051758
28088,21.032282799999997
28099,23.63860219542236
28100,24.3942996
28101,25.9887274
28107,22.593403807629393
28108,20.919180601525877
28109,19.842472195422364
28110,18.287523196948243
28115,19.752835806103516
28116,18.08843141296997
28124,31.209560596948243
28125,33.763496801525875
28126,32.54323900305176
28139,32.9627176
28140,35.885716
28141,32.6179774
28142,32.8838496
28153,23.800193200000002
28154,21.970429204577634
28155,25.3975536
28156,26.427837599999997
28157,28.3351388
28174,32.0914622
28175,30.1947956
28176,28.8939444
28177,25.12798620305176
28178,26.274264
28179,22.20710260305176
28191,33.602581199999996
28192,33.356781
28193,28.4759072
28194,31.0755122
28195,26.4326092
28196,32.7318054
28208,26.1604984
28209,24.659458006103513
28210,21.412697393896487
28211,22.623305004577638
28212,29.413646800000002
28213,28.264700599999998
28215,33.738937199999995
28231,28.0229404
28234,24.3059462
28235,25.51411
28236,19.68915749694824
28237,20.225622592370605
28238,22.3237884
28250,23.347256003051758
28251,26.0784652
28252,24.6552026
28254,28.411217200000003
28271,33.356576000000004
28272,33.0976314
28273,34.3962988
28274,31.965252600000003
28275,28.678791999999998
28285,21.633050803051756
28286,23.286276996948242
28287,20.221941803051756
28288,27.566312
28289,25.9950986
28290,29.0061018
28307,30.9132332
28308,27.2360254
28309,28.633997799999996
28310,23.12999180305176
28311,21.33171179847412
28312,25.357729
28313,23.856007809155273
28329,22.749955395422365
28330,24.447973006103513
28331,20.547560996948242
28332,26.614857
28333,25.092568399999998
28334,27.9999044
28343,17.3771666
28344,16.098997397711184
28345,16.696302805340576
28346,15.913426492370604
28347,15.454152997711182
28387,33.0306102
28388,32.406602
28389,33.31151659999999
28391,27.2880442
28392,28.926182800000003
28393,25.992156
28394,24.2930248
28404,21.864541587792967
28405,24.672716200000004
28406,23.42415540305176
28408,29.337981199999994
28409,26.438579800000003
28410,28.0515272
28423,33.9393258
28424,33.02472540000001
28425,34.6812946
28427,30.6239586
28428,27.9808154
28429,29.089372199999996
28438,20.218890404577635
28441,26.0193674
28442,22.996059804577634
28443,23.9172626
28461,29.2568906
28462,28.111329599999998
28463,31.311757999999998
28465,26.948810399999996
28466,25.0106896
28467,23.80035700305176
28477,26.0024022
28493,21.881232396948246
28501,31.662065000000005
28502,32.5816154
28503,33.0653774
28524,34.049123200000004
28525,33.7517658
28526,32.6354244
28527,30.8498464
28555,32.0813494
28556,29.657411200000002
28557,32.0552772
28558,32.780543
28559,33.3119358
28571,33.9369954
28572,34.1661536
28573,33.6303782
28574,32.901745
28575,29.965000000000003
28576,18.65812000228882
28578,20.6450898
28587,34.371235199999994
28588,32.61227960305175
28589,18.92515060305176
28590,17.44204420190735
28591,20.22425380305176
28592,19.323786003051758
28596,22.47455439237061
28599,21.0618036
28600,19.51255839847412
28613,18.378305
28617,31.222826199999997
28618,31.3738686
28631,34.02238140000001
28632,32.766289400000005
28633,30.626546399999995
28634,27.6357306
28635,30.627829
28636,32.4527606
28646,33.9126976
28647,33.3575616
28648,31.1260676
28649,29.3464362
28650,27.2456926
28651,24.00043
28652,16.542184404577636
28654,15.730770600762938
28655,16.432413405340576
28677,19.6975282
28678,32.3160898
28679,32.56788339999999
28690,30.9791432
28691,32.4635308
28692,33.0678954
28693,31.582762600000002
28694,29.2813984
28703,32.7383026
28704,33.4930708
28705,32.6355776
28706,28.1622072
28707,31.132360400000003
28708,28.689196399999997
28709,17.72405779847412
28711,16.29485861525879
28712,16.968020005340577
28722,27.647020992370607
28723,30.3721856
28724,16.756204412207033
28725,17.44607361144409
28726,18.55206580534058
28727,19.87868820457764
28732,21.883212001525877
28733,22.521409206103517
28734,24.340382793896485
28744,18.721092399999996
28746,17.488388196948243
28747,16.976190605340577
28752,16.528694000762936
28756,18.507350998474116
28757,20.40258839694824
28759,21.611103407629393
28771,17.797723601525878
28772,16.770425605340577
28773,16.08172079771118
28777,30.833770603051754
28778,31.318193399999995
28779,17.133595407629393
28780,18.774518999999998
28781,18.235918202288822
28786,19.9950632
28787,21.41331039923706
28788,22.3858656038147
28803,16.996164001525877
28804,16.084425606103515
28805,15.691082405340575
28810,16.741788396185303
28814,17.819168601525877
28815,18.89649760305176
28816,21.15893939694824
28834,30.231918999999998
28835,32.836158600000005
28836,31.124354
28837,32.1536246
28843,17.041483603814697
28844,17.573594203051755
28847,18.425188201525877
28848,16.320325599237062
28864,30.8590678
28865,31.6183112
28866,30.033319799999997
28867,27.8005646
28868,26.623929599999997
28884,16.824995808392334
28885,17.5061754
28886,17.761113603051758
28888,14.680771801525879
28889,14.66094738588562
28890,15.290771396185303
28891,16.943906604577638
28901,18.431141206103515
28902,17.585519607629397
28903,15.98348699809265
28904,16.75010100152588
28906,22.12040700305176
28907,20.925747201525876
28908,19.716145003051757
28929,34.1909482
28930,33.5668728
28931,28.788080200000003
28932,30.773638400000003
28935,25.10743459542236
28936,24.03256500152588
28937,25.69555419847412
28938,25.90744319084473
28939,14.953486396948245
28940,15.970156606866453
28941,16.538512206103512
28947,14.684722694659422
28948,14.116064799237062
28949,13.89078640228882
28970,16.395715801525878
28971,31.838354
28972,32.1749572
28973,30.747439799999995
28974,29.311751799999996
28975,18.189321200000002
28987,31.448215200000003
28988,32.0048092
28989,31.685848399999998
28998,33.6926502
28999,33.540387599999995
29000,30.118599600000003
29001,28.1754414
29002,32.6735532
29003,31.1364704
29004,22.833628400000002
29007,23.526795
29010,27.70071259847412
29011,30.313793399999998
29015,22.7589166
29018,21.6061322
29019,28.5874414
29020,25.88535800152588
29021,30.73470219694824
29022,22.97043119847412
29023,22.186917409155278
29025,24.362594196948244
29031,31.236007
29032,21.17008740152588
29033,19.56550720152588
29034,22.186010801525878
29035,23.269938393896485
29040,26.246645803051756
29042,24.840584796948242
29043,25.20383618626709
29044,24.5733694
29045,24.142242200000002
29047,26.317160396948246
29052,21.599065003814694
29053,20.990523601525883
29054,21.779695986267093
29055,25.669882583215333
29056,23.965710203051756
29057,27.60535139542236
29058,27.4835306
29059,27.53226880152588
29060,26.481354392370605
29061,27.060630198474122
29062,22.499353797711183
29063,21.410159796185305
29064,23.8419754
29065,24.686660593896484
29066,26.046429401525877
29075,24.999708993896487
29076,23.65892678474121
29077,22.78623439694824
29078,21.39054259694824
29079,23.504807390844725
29080,19.807563398474123
29081,21.084658196948244
29082,22.31610400076294
29083,24.574278198474122
29084,23.612302396948245
29085,26.113392395422363
29086,26.475409190844726
29087,26.794215996948246
29094,26.325921795422364
29095,26.026965996948242
29096,25.905527387792965
29097,24.34579379694824
29098,25.266512795422365
29099,25.3700274
29100,24.580940796948244
29101,27.17235019694824
29102,28.346410186267086
29103,27.650254595422364
29104,28.06828599694824
29105,28.152794593896488
29106,26.45816499084473
29107,27.92361759084473
29110,26.717118596948247
29111,26.278359601525874
29114,23.7801674
29115,24.842374799999998
29116,25.641077393896484
29117,24.761092996948243
29118,21.892414001525875
29121,25.209931393896483
29122,26.366762398474123
29124,28.18188099694824
29125,25.604053989318846
29126,24.794601786267087
29127,21.13634018626709
29128,25.13640298474121
29129,21.789906378637692
29130,21.31108818245239
29131,21.08530638703003
29132,24.57685638626709
29141,11.716696901144408
29158,27.532908400000004
29159,28.9260944
29160,29.9497772
29162,26.014518399999996
29185,33.0828102
29186,31.6762764
29187,29.916683999999997
29188,28.013413199999995
29189,26.378925000000002
29190,23.296798203051758
29221,27.299327799999997
29222,28.7867422
29223,30.836210799999993
29224,21.4825612
29225,23.079695809155275
29226,24.9644758
29237,33.608479800000005
29239,32.013097200000004
29240,29.8052556
29241,28.3850598
29242,26.2790414
29243,25.02783479694824
29244,22.25599139694824
29245,12.517305414495848
29246,12.910682912207031
29247,13.637492406866453
29248,14.09518381182556
29249,14.71017280152588
29251,16.346583605340577
29288,15.99610120076294
29290,15.019855000000002
29301,29.4740718
29302,27.9009124
29304,32.6156792
29308,24.2998636
29309,22.489049604577637
29332,27.7383982
29334,24.777177599999998
29358,25.725471204577637
29359,23.861266808392333
29361,27.98571879694824
29362,20.247978205340576
29363,19.671042605340578
29364,16.935130403051758
29365,16.02939
29373,31.233471593896486
29382,26.908052400000003
29383,25.019826396948243
29388,19.78644400305176
29389,22.942957803051755
29390,20.772903200762936
29412,32.2695388
29413,29.445057600000002
29414,29.476526200000002
29415,27.512082400000004
29416,29.065934399999996
29417,25.7387248
29418,23.449363006103518
29438,18.206443406103517
29439,20.5365592
29440,19.561952001525878
29441,22.92820879847412
29462,16.694709000762938
29463,32.135770203051756
29464,32.28525780152588
29465,31.86105180152588
29477,33.611742400000004
29479,32.606993800000005
29480,31.080472399999998
29491,34.2202928
29492,33.0986836
29493,34.2970466
29494,28.8195288
29495,27.801524400000005
29496,25.678504600000004
29497,31.187834200000005
29511,17.862398798474125
29512,19.8380606
29514,18.78761460152588
29515,16.48310200305176
29539,18.489390406103517
29540,18.506349598474124
29542,19.579740601525877
29543,31.2599852
29544,31.6384166
29559,33.812806800000004
29560,31.4209404
29561,30.167074000000003
29562,31.05251239694824
29603,20.675521600000003
29608,31.762387999999998
29609,31.551788800000004
29610,34.8403052
29611,34.6484536
29629,27.2958688
29630,25.365535400000002
29631,29.092652199999996
29632,20.530660795422364
29633,22.43122420152588
29634,24.25008580305176
29681,33.0728164
29682,34.300899
29683,34.725328000000005
29684,32.93844
29685,30.737386400000002
29686,28.663401
29733,21.149061600000003
29734,22.581767204577638
29735,23.949407200000003
29736,26.3818914
29737,25.1510332
29738,28.458972
29820,29.393934006103517
29821,30.18791440152588
29844,19.04079100228882
29875,19.552278003814695
29876,17.90535340076294
29877,16.72027019847412
29878,15.537558409155272
29879,14.741988005340577
29880,13.941704005722048
29881,13.006775410299682
29904,26.140074996948243
29905,28.8765776
29935,31.130113799999997
29936,28.2158612
29937,26.886492599999997
29938,19.752605995422364
29939,21.4818316
29940,22.999268609155273
29941,24.997084199999996
29989,32.4758182
29990,33.5530784
29991,34.8321474
29993,30.0303088
30028,32.4716556
30029,30.936277
30030,28.889432399999997
30031,26.9218008
30032,24.959647
30033,23.483699803051756
30034,21.76183939694824
30047,27.859255
30075,17.740505991607666
30076,16.159696205722046
30077,16.80008609694824
30078,13.898028010681154
30079,14.23585161144409
30080,15.143536207629392
30098,19.12000961754761
30099,18.199341404577638
30100,17.5413822038147
30101,16.967683906866455
30102,22.103817607629395
30103,21.0597240038147
30104,24.41975099847412
30137,26.191676
30138,22.746684803051757
30139,23.941940799999998
30140,19.57493419923706
30141,21.003916409155273
30189,34.3407034
30190,35.24669480000001
30191,33.9811766
30192,32.9344296
30251,28.6710072
30252,30.8744142
30253,32.413363399999994
30255,34.930573
30290,34.202857800000004
30291,34.101858400000005
30292,33.214229599999996
30293,31.354981200000005
30294,28.4271738
30326,23.19877280305176
30327,25.215276199999998
30328,26.701933599999997
30330,28.865275199999996
30350,31.6871478
30352,29.770511199999998
30353,27.4742202
30354,25.893423593896483
30355,24.39183900839233
30356,20.782389804577637
30357,22.668145393133543
30414,16.753426193896484
30419,35.3012444
30420,34.242813999999996
30421,34.9413186
30444,31.938080599999996
30446,32.573424599999996
30447,31.920712200000004
30448,28.126389
30449,30.254889000000002
30450,24.471669003051755
30451,26.5220648
30475,33.081602
30476,32.1396196
30477,32.436824
30478,26.791252399999998
30479,30.886288200000003
30480,28.02011
30510,15.943554394659426
30511,16.55518520305176
30512,15.403358003051755
30513,22.00571558779297
30515,18.19974860457764
30516,19.758750006103515
30539,19.79344819694824
30540,18.59732359771118
30542,22.047853603051756
30543,17.099789396948243
30544,16.36750660076294
30554,26.204667798474123
30556,26.0959616
30557,26.05153240152588
30558,24.19668939847412
30559,25.2589824
30560,23.019325993896484
30561,22.384121590844728
30562,23.065737598474122
30564,24.69774439694824
30569,29.720293400000003
30570,27.412908006103514
30580,31.6956324
30581,32.6678254
30582,31.1145356
30583,32.229042199999995
30584,29.613397400000004
30595,31.6903924
30596,32.5815286
30597,33.5091266
30600,26.841211993896486
30601,25.566625
30602,24.50341059084473
30606,20.226626198474122
30607,18.8904786
30608,22.961674806103517
30609,21.797570802288817
30670,33.32405
30671,34.2252862
30684,33.207751
30685,30.661796199999998
30686,29.460671400000003
30690,25.52571419694824
30691,27.416570793896483
30692,21.998307800762937
30693,23.76173799694824
30711,38.01126240000001
30712,34.8187322
30713,31.869566600000002
30714,37.3289812
30715,35.6443356
30727,18.474396802288815
30728,19.8173806
30729,16.538342993896485
30730,17.52180459847412
30731,21.598004403051757
30732,22.678819598474124
30733,24.53063400305176
30752,24.28617700152588
30753,21.791731787030027
30754,20.74930080228882
30755,19.04581419694824
30756,18.1728652
30769,33.263559199999996
30770,33.0395054
30771,29.289472999999997
30772,29.739209800000005
30773,32.022407400000006
30774,27.4872358
30775,25.963354000000002
30819,20.492915590844724
30820,18.90996639923706
30821,17.39243800915527
30822,16.33235599923706
30832,24.7063034
30833,23.373686403051757
30834,26.7672872
30835,28.352781799999995
30851,32.236387199999996
30852,30.0777516
30853,28.866553599999996
30854,24.9643864
30855,26.833958000000003
30856,23.395375
30869,32.59151919999999
30870,32.9152904
30871,32.319038400000004
30872,27.9396712
30873,25.909065
30874,31.657346999999998
30875,29.2901296
30876,17.250632201525878
30877,17.796300799999997
30878,15.855640793515017
30879,16.3158244
30880,20.781921601525877
30882,19.641593609155272
30883,18.786340005340573
30902,24.374903596948243
30903,32.5678476
30904,31.8661746
30905,32.1526402
30917,34.5896914
30918,34.146946799999995
30919,31.587777800000005
30920,33.363152
30921,30.053139800000004
30933,32.3283418
30934,30.606522400000006
30935,33.763374799999994
30937,25.3579788
30938,28.9354124
30939,27.131436400000002
30950,31.848841000000004
30951,30.832287599999994
30952,31.2742214
30953,27.266907000000003
30954,28.986829399999998
30955,26.0678098
30956,24.241678999999998
30992,32.6323522
30993,32.4428714
30994,31.237054
30995,25.2043306
30996,27.199357599999995
30997,31.5034466
30998,28.769016799999996
31027,23.166777599999996
31030,20.678959504577634
31031,25.52214000305176
31032,27.5820846
31033,26.06007119694824
31062,25.3857348
31063,23.6070004
31065,27.4522082
31066,18.90573219847412
31067,20.17659499923706
31068,21.44019119694824
31089,32.368959000000004
31090,33.93289
31091,32.7158546
31092,31.579954000000004
31102,21.15601459923706
31103,19.84395720228882
31104,22.823931195422364
31105,24.706786809155272
31106,26.558632
31107,28.4465752
31109,30.072694000000002
31124,29.661581003051758
31125,30.953996803051762
31135,24.210867403051758
31136,25.8475682
31139,31.4398796
31142,29.354172399999992
31143,27.521468199999997
31166,31.288293599999996
31168,34.0335204
31169,27.62013099694824
31170,25.570746203051762
31171,23.5050740038147
31191,22.48766958626709
31192,24.55694439694824
31193,26.234042
31194,31.948050800000004
31196,30.009841
31197,28.5730228
31219,35.5054764
31220,34.7954996
31221,34.0984574
31222,32.08132820000001
31242,31.854058000000002
31243,27.602635399999997
31244,30.135142000000002
31245,31.5718464
31246,32.791367
31276,28.017285193896488
31277,30.5970052
31278,32.1888642
31280,35.0911154
31301,24.174563395422364
31303,21.795628800000003
31304,20.56234859847412
31305,18.384362410681153
31306,17.219750606103517
31307,16.229447996948245
31324,16.91702540305176
31327,18.108370202288818
31354,31.550536600000004
31356,29.700732
31357,28.138471199999998
31358,22.267940404577633
31359,20.925373604577636
31360,24.21542900152588
31361,26.138545996948245
31402,34.462226
31403,34.3600528
31404,33.2506894
31405,31.369827400000002
31406,27.4143084
31407,29.5410936
31563,11.432181000000002
31564,12.8217222
31565,12.3201504
31566,14.1644138
31572,22.579676
31786,9.8142988
31787,19.051648399999998
31788,19.957704800000002
31789,21.2320798
31790,21.0336426
32116,16.4319336
32117,14.231296600000002
32118,15.238396
32119,13.292546000000002
32120,21.744537199999996
32272,20.686654999999995
32273,19.1038662
32274,22.0241978
32276,14.412681999999998
32277,15.540634399999998
32278,17.9787484
32279,16.6503388
32512,17.323844
32513,16.4339668
32514,18.8633344
32516,14.348981799999999
32517,15.315306000000001
32593,12.487964799999999
32594,11.7641888
32596,15.0070921
32597,13.226617300000001
32598,14.025331399999999
32604,22.061339
32715,15.936699200000003
32716,15.2931339
32717,16.719145599999997
32719,14.289147600000002
32720,20.7464656
32788,11.0220182
32790,13.8340934
32791,11.8894214
32792,12.5150334
32872,21.3247566
32873,19.782594
32874,18.977904199999998
32875,18.2142776
32876,17.2978806
32877,15.2189726
32878,16.1071412
33013,20.884556600000003
33014,22.836838
33015,18.3327788
33016,17.1219032
33017,18.7554514
33018,19.721978999999997
33074,18.711849
33075,17.9990802
33077,19.8074786
33078,17.1320212
33079,16.209304600000003
33080,14.290832
33081,15.324406000000002
33159,10.101750800000001
33160,11.2462391
33162,10.33026
33163,10.5467424
33169,20.867702400000002
33274,12.21993952
33275,14.3984004
33276,13.340350999999998
33280,16.469905
33281,15.5010336
33283,17.876142199999997
33408,18.1122028
33954,18.29061
33955,18.0644976
33957,17.1484094
34195,20.382382999999997
34196,17.7259082
34197,18.6762128
34198,16.402519399999996
34199,15.4922644
34200,13.2429124
34201,14.422236000000002
34229,21.0379102
34230,22.86857
34282,15.201821599999999
34284,14.1799316
34285,13.2882548
34330,10.993750799999999
34331,11.536998500000001
34333,12.304437799999999
34334,21.6616526
34393,11.992543399999999
34395,11.106877999999998
34396,10.44414
34397,10.038276
34450,18.158819
34451,16.785271799999997
34452,14.6924088
34453,15.7079104
34454,19.718826
34455,20.831748599999997
34457,22.0874028
34510,13.5252374
34511,12.493319699999999
34512,12.010746399999999
34517,10.67319326
34518,11.3595483
34545,18.948263200000003
34546,20.098593600000004
34547,22.143600799999998
34548,18.3244818
34549,17.4976962
34550,16.208897
34551,15.267080800000002
34648,17.8283554
34650,16.6744798
34651,15.9467886
34652,14.9237458
34653,21.74655
34690,12.8302234
34691,13.999426
34692,15.0367459
34693,16.7199084
34694,17.9398612
34696,19.600947599999998
34742,11.896130000000001
34744,20.623245
34745,20.838658
34761,12.9262506
34762,12.189330000000002
34763,11.404074600000001
34764,10.8844972
34766,16.223324400000003
34767,14.9849075
34768,13.9488078
34786,14.0866062
34792,19.779877199999998
34793,18.835279
34794,20.960868400000003
34795,21.062564000000002
34811,10.72045
34812,10.8473523
34818,11.4034104
34819,11.0349899
34836,16.6813924
34837,18.318997799999998
34841,15.771555000000001
34842,14.609797600000002
34843,13.713220100000001
34877,14.694763599999998
34878,13.554981199999997
34880,12.8927718
34895,11.209051299999999
34896,9.728281939999999
34897,10.2308998
34898,9.09947768
34899,9.3488545
34901,12.1494202
34902,13.366951700000001
34926,20.2767584
34927,19.5547332
34929,15.040098599999999
34930,13.7608776
34931,17.576319599999998
34932,16.001818399999998
34933,18.987672800000002
34947,12.114236
34948,12.9251394
34954,19.5740088
34955,20.7691564
35017,19.7706904
35018,22.5007154
35019,20.4434654
35020,21.415943000000002
35034,10.408504599999999
35035,10.02526868
35036,11.2192226
35038,12.755685199999999
35039,11.899121000000001
35062,21.2159462
35063,20.4484534
35064,18.8729598
35065,19.602066999999998
35066,17.9129532
35067,17.080149500000005
35096,9.32910128
35097,9.53839294
35098,10.050390799999999
35099,9.74749188
35100,10.977043999999998
35101,11.640809200000001
35102,12.5134074
35129,22.6666292
35130,22.2966096
35131,23.0140368
35132,20.821559
35133,19.318437999999997
35148,12.7738772
35154,18.1358598
35155,19.416940399999998
35156,20.5211344
35157,20.3362392
35158,19.271547399999996
35176,11.644321999999999
35177,11.4049954
35179,20.665032200000002
35180,20.5673846
35181,19.4765326
35191,10.9770182
35192,11.789322700000003
35193,12.506919200000002
35194,13.704632799999999
35195,14.446848600000001
35197,15.329409800000002
35198,16.338593
35215,22.325953
35216,19.9962134
35218,18.916752000000002
35219,17.4676568
35220,16.1169549
35221,14.940793
35222,13.7138013
35242,20.8153452
35273,10.376120799999999
35274,10.5950656
35275,10.195836799999999
35276,10.20976
35277,10.3272268
35278,10.2265993
35279,11.3498652
35280,10.916789999999999
35281,12.749649
35282,11.960198000000002
35292,21.5817932
35306,14.927888000000001
35307,14.024472800000002
35308,16.1459666
35312,17.1324842
35313,18.64718
35345,23.7383306
35346,21.4301432
35347,22.6165986
35348,19.64581
35349,20.4682766
35359,20.261697599999998
35360,20.456480000000003
35361,16.512709
35362,15.4370024
35363,19.119699
35364,18.089239199999998
35365,20.108785
35376,18.694004
35377,19.129613799999998
35379,17.507534
35380,15.452539000000002
35381,16.11861
35382,13.169386
35383,14.411768599999998
35401,20.520276
35402,19.7162588
35403,16.8806249
35404,17.7477972
35405,19.104927
35406,18.3551682
35407,16.0311542
35421,21.5264368
35434,21.622714
35435,21.5599336
35436,20.820275400000003
35437,19.072540999999998
35438,17.6914256
35440,11.885848999999999
35451,19.9121218
35452,20.649132400000003
35453,20.4193566
35469,20.083021
35470,18.655676200000002
35471,16.9794394
35472,16.011840799999998
35473,17.562158399999998
35474,18.044996199999996
35475,15.070380199999999
35485,19.659481
35486,21.0728464
35488,14.077035
35489,18.5428438
35490,17.234306600000004
35491,14.925493399999999
35492,16.0424386
35498,13.0425398
35504,21.652104599999998
35505,21.2439148
35506,21.1081304
35507,19.6763978
35508,15.241401999999999
35509,16.0098894
35510,13.641778500000001
35511,14.658814999999999
35514,17.3301294
35515,16.645268800000004
35529,19.979855999999998
35530,20.749147
35531,17.602178600000002
35532,16.887963
35533,19.511946400000003
35534,18.5567868
35535,16.291683
35545,19.617033399999997
35546,19.186467999999998
35548,17.2613608
35549,18.1427842
35550,15.2837016
35551,16.2075704
35552,9.9660535
35553,9.998376599999999
35555,9.995689899999999
35556,10.1265712
35573,12.082874400000001
35574,11.4954902
35576,20.033591
35577,19.2253808
35579,13.2862472
35580,13.972504999999998
35589,19.9054432
35590,21.001514000000004
35591,20.5320738
35597,13.101139100000001
35601,21.0238878
35602,22.427452
35604,12.953544399999998
35612,20.6515742
35613,21.121254399999998
35614,11.434578
35615,11.824971999999999
35621,13.4340172
35622,12.526490200000001
35627,22.073621999999997
35629,13.5604574
35636,20.205372
35637,20.2922048
35638,18.940120399999998
35639,14.055032999999998
35645,15.3795726
35646,14.5072846
35648,22.1904008
35649,22.0007146
35650,18.2008928
35651,19.402015
35652,18.7308556
35653,19.486546399999998
35654,18.636766
35655,13.396039400000001
35664,21.065224999999998
35665,21.083183400000003
35666,19.7412646
35667,10.6108882
35668,10.923660200000002
35669,11.3775222
35670,12.158842
35677,12.7381542
35681,13.1864768
35682,13.970931799999999
35689,12.3276075
35690,19.4893438
35691,19.418974
35692,11.999953399999999
35693,13.586685399999999
35694,12.607451000000001
35701,14.962856900000002
35702,14.0208665
35703,21.3766672
35707,21.4290588
35708,11.4001488
35709,11.0465785
35710,11.7331714
35711,12.3453592
35712,10.7951726
35718,13.280448999999999
35719,14.0467322
35734,13.832377
35735,12.6943988
35736,11.4266972
35738,19.2876378
35739,19.137393199999998
35740,18.093158199999998
35741,13.9717716
35749,18.0155568
35750,19.9875718
35751,19.2047924
35752,20.228212000000003
35761,13.487411320000001
35762,13.286845320000001
35767,19.000757800000002
35768,18.660259599999996
35769,18.488177999999998
35770,12.3102388
35771,13.750244200000001
35772,13.102399400000001
35773,14.536297
35774,15.407060199999998
35777,16.518078600000003
35780,14.052938899999997
35787,20.9203304
35788,19.7039282
35789,20.206526
35790,19.2020852
36321,16.153019999999998
36322,15.2085288
36323,14.296130599999998
36324,13.521832799999999
36325,12.6536038
36618,10.5909812
36619,10.617147399999999
36620,10.5478944
36627,22.1107154
36715,17.3752128
36716,18.3734544
36717,16.4306124
36718,15.3908098
36719,13.4894338
36720,14.548184000000001
36855,22.776103
36856,20.7481494
36857,18.1770218
36858,16.8653348
36859,18.5548014
36860,19.554423399999997
36861,15.863609400000001
37023,18.9192696
37024,19.691976
37026,14.460515599999999
37027,18.6342328
37028,17.850161
37029,15.5923946
37030,16.5884858
37350,17.867527000000003
37351,18.1432928
37352,17.683625799999998
37353,17.406528200000004
37354,17.2689746
37355,16.608944
37356,18.3848102
37357,17.786856999999998
37358,16.940475400000004
37359,17.360039999999998
37360,18.216019799999998
37361,18.1616536
37362,16.2058824
37363,18.0531696
37364,18.730377999999998
37365,17.9897382
37366,18.5126886
37367,17.2274142
37368,16.586321
37369,17.2862638
37370,17.8117476
37371,18.6754362
37372,18.490033200000003
37373,16.303991
37374,19.1249078
37375,18.167646400000002
37376,20.000450999999998
37377,18.1751278
37378,17.9797504
37380,14.792383599999999
37381,16.9159902
37382,17.3493442
37383,16.3708682
37384,15.5426749
37385,17.628201400000002
37386,18.197116
37387,19.0092324
37388,18.6061858
37389,16.954727
37390,18.0856954
37391,18.197653
37392,16.6744934
37393,18.718763
37394,18.8615364
37395,18.4840596
37396,17.884213600000002
37397,18.598596199999996
37398,18.895259199999998
37399,17.6850262
37400,19.0955296
37401,17.593664
37402,17.0641462
37403,18.6301308
37404,18.705447000000003
37405,18.253478
37406,17.659817
37407,18.2869414
37408,18.649342
37409,17.3839922
37410,18.674698799999998
37411,16.6004492
37412,17.994695
37413,17.3909488
37414,18.582177199999997
37415,18.332870399999997
37416,18.346327600000002
37417,18.954589399999996
37418,17.184023399999997
37419,18.2729978
37420,18.5852
37421,17.7234908
37422,16.1581172
37423,17.322231800000004
37424,16.9957852
37425,18.5449484
37426,17.963912399999998
37427,18.4594514
37428,18.588775599999998
37429,17.0340722
37430,18.6627784
37431,17.887180800000003
37432,18.7368702
37433,18.5501624
37434,19.7003478
37435,19.425654200000004
37436,18.3673262
37437,18.6349882
37438,17.1977292
37439,18.2499748
37440,17.9864594
37441,17.6172344
37442,18.4557268
37443,18.431867599999997
37444,18.111691
37445,18.6578118
37446,17.665790400000002
37447,18.2574396
37448,18.4695204
37449,18.6631582
37450,16.8753788
37451,18.538775
37452,18.432645599999997
37453,18.085459399999998
37454,17.559006200000002
37455,17.9032622
37456,18.3762374
37457,18.8772316
37458,18.2847148
37459,18.254072200000003
37460,18.4308784
37461,18.154002600000002
37462,17.6329708
37463,19.702114599999998
37464,19.707710400000003
37465,20.175407399999997
37466,19.1330483
37467,19.603063999999996
37468,17.859323800000002
37469,18.2201048
37470,18.4052978
37471,17.2311394
37472,17.1572488
37473,18.4241982
37474,18.497333
37475,17.8785034
37476,18.2075254
37477,16.996287799999998
37478,17.9802074
37479,18.552193199999998
37480,18.4633526
37481,17.8199288
37482,19.4934214
37483,19.288198
37484,19.825941399999998
37485,18.8830126
